work_year,experience_level,employment_type,job_title,salary,salary_currency,salary_in_usd,employee_residence,remote_ratio,company_location,company_size,remote_status
2023,SE,FT,['Remote'],80000,EUR,85847,ES,100,ES,L,Remote
2023,MI,CT,['Remote'],30000,USD,30000,US,100,US,S,Remote
2023,MI,CT,['Remote'],25500,USD,25500,US,100,US,S,Remote
2023,SE,FT,['Remote'],175000,USD,175000,CA,100,CA,M,Remote
2023,SE,FT,['Remote'],120000,USD,120000,CA,100,CA,M,Remote
2023,SE,FT,['Remote'],130000,USD,130000,US,100,US,M,Remote
2023,SE,FT,['Remote'],100000,USD,100000,US,100,US,M,Remote
2023,MI,FT,['Remote'],150000,USD,150000,US,100,US,M,Remote
2023,MI,FT,['Remote'],110000,USD,110000,US,100,US,M,Remote
2023,SE,FT,['Remote'],230000,USD,230000,GB,100,GB,M,Remote
2023,SE,FT,['Remote'],143200,USD,143200,GB,100,GB,M,Remote
2023,EN,FT,['Remote'],100000,USD,100000,NG,100,NG,L,Remote
2023,EN,FT,['Remote'],30000,USD,30000,NG,100,NG,L,Remote
2023,SE,FT,['Remote'],212750,USD,212750,US,100,US,M,Remote
2023,SE,FT,['Remote'],185000,USD,185000,US,100,US,M,Remote
2023,SE,FT,['Remote'],262000,USD,262000,US,100,US,M,Remote
2023,SE,FT,['Remote'],245000,USD,245000,US,100,US,M,Remote
2023,SE,FT,['Remote'],275300,USD,275300,US,100,US,M,Remote
2023,SE,FT,['Remote'],183500,USD,183500,US,100,US,M,Remote
2023,SE,FT,['Remote'],218500,USD,218500,US,100,US,M,Remote
2023,SE,FT,['Remote'],199098,USD,199098,US,100,US,M,Remote
2023,SE,FT,['Remote'],203300,USD,203300,US,100,US,M,Remote
2023,SE,FT,['Remote'],123600,USD,123600,US,100,US,M,Remote
2023,SE,FT,['Remote'],231500,USD,231500,US,100,US,M,Remote
2023,SE,FT,['Remote'],166000,USD,166000,US,100,US,M,Remote
2023,SE,FT,['Remote'],172500,USD,172500,US,100,US,M,Remote
2023,SE,FT,['Remote'],110500,USD,110500,US,100,US,M,Remote
2023,SE,FT,['Remote'],237000,USD,237000,US,100,US,M,Remote
2023,SE,FT,['Remote'],201450,USD,201450,US,100,US,M,Remote
2023,SE,FT,['Remote'],237000,USD,237000,US,100,US,M,Remote
2023,SE,FT,['Remote'],201450,USD,201450,US,100,US,M,Remote
2023,SE,FT,['Remote'],280100,USD,280100,US,100,US,M,Remote
2023,SE,FT,['Remote'],168100,USD,168100,US,100,US,M,Remote
2023,SE,FT,['Remote'],193500,USD,193500,US,100,US,M,Remote
2023,SE,FT,['Remote'],139000,USD,139000,US,100,US,M,Remote
2023,SE,FT,['Remote'],150000,USD,150000,PT,100,US,M,Remote
2023,MI,FT,['Remote'],65000,EUR,69751,IN,100,DE,S,Remote
2023,MI,FT,['Remote'],90000,EUR,96578,NL,100,NL,L,Remote
2023,SE,FT,['Remote'],225000,USD,225000,US,100,US,M,Remote
2023,SE,FT,['Remote'],175000,USD,175000,US,100,US,M,Remote
2023,SE,FT,['Remote'],217000,USD,217000,US,100,US,M,Remote
2023,SE,FT,['Remote'],185000,USD,185000,US,100,US,M,Remote
2022,EN,FT,['Remote'],54000,CHF,56536,CH,100,CH,S,Remote
2023,SE,FT,['Remote'],283200,USD,283200,US,100,US,M,Remote
2023,SE,FT,['Remote'],188800,USD,188800,US,100,US,M,Remote
2023,SE,FT,['Remote'],161800,USD,161800,US,100,US,M,Remote
2023,SE,FT,['Remote'],141600,USD,141600,US,100,US,M,Remote
2023,MI,FT,['Remote'],100000,USD,100000,US,100,US,M,Remote
2023,MI,FT,['Remote'],70000,USD,70000,US,100,US,M,Remote
2023,SE,FT,['Remote'],138784,USD,138784,US,100,US,M,Remote
2023,SE,FT,['Remote'],83270,USD,83270,US,100,US,M,Remote
2023,SE,FT,['Remote'],318300,USD,318300,US,100,US,M,Remote
2023,SE,FT,['Remote'],212200,USD,212200,US,100,US,M,Remote
2023,SE,FT,['Remote'],95000,USD,95000,US,100,US,M,Remote
2023,SE,FT,['Remote'],75000,USD,75000,US,100,US,M,Remote
2023,MI,FT,['Remote'],100000,USD,100000,US,100,US,M,Remote
2023,MI,FT,['Remote'],70000,USD,70000,US,100,US,M,Remote
2023,MI,FT,['Remote'],1700000,INR,20670,IN,100,IN,L,Remote
2023,SE,FT,['Remote'],150000,USD,150000,US,100,US,M,Remote
2023,SE,FT,['Remote'],120000,USD,120000,US,100,US,M,Remote
2023,SE,FT,['Remote'],45000,GBP,54685,CF,100,CF,M,Remote
2023,SE,FT,['Remote'],35000,GBP,42533,CF,100,CF,M,Remote
2023,SE,FT,['Remote'],220000,USD,220000,US,100,US,M,Remote
2023,SE,FT,['Remote'],190000,USD,190000,US,100,US,M,Remote
2023,MI,FT,['Remote'],70000,GBP,85066,GB,100,GB,M,Remote
2023,MI,FT,['Remote'],47500,GBP,57723,GB,100,GB,M,Remote
2023,EN,FT,['Remote'],85000,USD,85000,US,100,US,M,Remote
2023,EN,FT,['Remote'],75000,USD,75000,US,100,US,M,Remote
2023,SE,FT,['Remote'],180000,USD,180000,US,100,US,M,Remote
2023,SE,FT,['Remote'],115000,USD,115000,US,100,US,M,Remote
2023,SE,FT,['Remote'],200000,USD,200000,US,100,US,M,Remote
2023,SE,FT,['Remote'],115000,USD,115000,US,100,US,M,Remote
2023,SE,FT,['Remote'],200000,USD,200000,US,100,US,M,Remote
2023,SE,FT,['Remote'],150000,USD,150000,US,100,US,M,Remote
2023,SE,FT,['Remote'],120000,USD,120000,US,100,US,M,Remote
2023,SE,FT,['Remote'],75000,USD,75000,US,100,US,M,Remote
2023,EN,FT,['Remote'],1400000,INR,17022,IN,100,IN,L,Remote
2023,SE,FT,['Remote'],100000,AUD,68318,AU,100,FI,M,Remote
2023,MI,FT,['Remote'],200000,USD,200000,US,100,US,M,Remote
2023,SE,FT,['Remote'],190000,USD,190000,US,100,US,M,Remote
2023,SE,FT,['Remote'],112000,USD,112000,US,100,US,M,Remote
2022,SE,FT,['Remote'],84000,EUR,88256,ES,100,GB,L,Remote
2023,SE,FT,['Remote'],220000,USD,220000,US,100,US,M,Remote
2023,SE,FT,['Remote'],160000,USD,160000,US,100,US,M,Remote
2023,SE,FT,['Remote'],175000,USD,175000,US,100,US,M,Remote
2023,SE,FT,['Remote'],145000,USD,145000,US,100,US,M,Remote
2023,SE,FT,['Remote'],152900,USD,152900,US,100,US,M,Remote
2023,SE,FT,['Remote'],117100,USD,117100,US,100,US,M,Remote
2023,SE,FT,['Remote'],173000,USD,173000,US,100,US,M,Remote
2023,SE,FT,['Remote'],113000,USD,113000,US,100,US,M,Remote
2023,SE,FT,['Remote'],130000,USD,130000,US,100,US,M,Remote
2023,SE,FT,['Remote'],110000,USD,110000,US,100,US,M,Remote
2023,SE,FT,['Remote'],205000,USD,205000,US,100,US,M,Remote
2023,SE,FT,['Remote'],184000,USD,184000,US,100,US,M,Remote
2023,SE,FT,['Remote'],149500,USD,149500,US,100,US,M,Remote
2023,SE,FT,['Remote'],127075,USD,127075,US,100,US,M,Remote
2023,SE,FT,['Remote'],219535,USD,219535,US,100,US,M,Remote
2023,SE,FT,['Remote'],146115,USD,146115,US,100,US,M,Remote
2023,SE,FT,['Remote'],175000,USD,175000,US,100,US,M,Remote
2023,SE,FT,['Remote'],145000,USD,145000,US,100,US,M,Remote
2023,EX,FT,['Remote'],221000,USD,221000,US,100,US,M,Remote
2023,EX,FT,['Remote'],153000,USD,153000,US,100,US,M,Remote
2023,SE,FT,['Remote'],175000,USD,175000,US,100,US,M,Remote
2023,SE,FT,['Remote'],100000,USD,100000,US,100,US,M,Remote
2023,SE,FT,['Remote'],142000,USD,142000,US,100,US,M,Remote
2023,SE,FT,['Remote'],75000,USD,75000,US,100,US,M,Remote
2023,SE,FT,['Remote'],125000,USD,125000,US,100,US,M,Remote
2023,SE,FT,['Remote'],112000,USD,112000,US,100,US,M,Remote
2023,SE,FT,['Remote'],115000,USD,115000,US,100,US,M,Remote
2023,SE,FT,['Remote'],86000,USD,86000,US,100,US,M,Remote
2023,MI,FT,['Remote'],280700,USD,280700,US,100,US,M,Remote
2023,MI,FT,['Remote'],150450,USD,150450,US,100,US,M,Remote
2023,EN,FT,['Remote'],70000,CAD,51753,CA,100,CA,L,Remote
2023,EN,FT,['Remote'],130001,USD,130001,US,100,US,M,Remote
2023,EN,FT,['Remote'],71907,USD,71907,US,100,US,M,Remote
2023,MI,FT,['Remote'],93918,USD,93918,US,100,US,M,Remote
2023,MI,FT,['Remote'],51962,USD,51962,US,100,US,M,Remote
2023,SE,FT,['Remote'],175000,USD,175000,CA,100,CA,M,Remote
2023,SE,FT,['Remote'],135000,USD,135000,CA,100,CA,M,Remote
2023,SE,FT,['Remote'],222000,USD,222000,US,100,US,M,Remote
2023,SE,FT,['Remote'],175000,USD,175000,US,100,US,M,Remote
2023,SE,FT,['Remote'],203000,USD,203000,US,100,US,M,Remote
2023,SE,FT,['Remote'],133200,USD,133200,US,100,US,M,Remote
2023,SE,FT,['Remote'],238000,USD,238000,US,100,US,M,Remote
2023,SE,FT,['Remote'],156000,USD,156000,US,100,US,M,Remote
2023,SE,FT,['Remote'],304000,USD,304000,US,100,US,M,Remote
2023,SE,FT,['Remote'],199000,USD,199000,US,100,US,M,Remote
2023,MI,FT,['Remote'],45000,EUR,48289,ES,100,ES,M,Remote
2023,SE,FT,['Remote'],140000,USD,140000,US,100,US,M,Remote
2023,SE,FT,['Remote'],110000,USD,110000,US,100,US,M,Remote
2023,SE,FT,['Remote'],160000,USD,160000,US,100,US,M,Remote
2023,SE,FT,['Remote'],120000,USD,120000,US,100,US,M,Remote
2023,SE,FT,['Remote'],157750,USD,157750,US,100,US,M,Remote
2023,SE,FT,['Remote'],104650,USD,104650,US,100,US,M,Remote
2023,MI,FT,['Remote'],180000,USD,180000,US,100,US,M,Remote
2023,MI,FT,['Remote'],140000,USD,140000,US,100,US,M,Remote
2023,EN,FT,['Remote'],60000,USD,60000,US,100,US,M,Remote
2023,SE,FT,['Remote'],105000,USD,105000,US,100,US,M,Remote
2023,SE,FT,['Remote'],90000,USD,90000,US,100,US,M,Remote
2023,SE,FT,['Remote'],175000,USD,175000,US,100,US,M,Remote
2023,SE,FT,['Remote'],145000,USD,145000,US,100,US,M,Remote
2023,SE,FT,['Remote'],237000,USD,237000,US,100,US,M,Remote
2023,SE,FT,['Remote'],145000,USD,145000,US,100,US,M,Remote
2023,EN,FT,['Remote'],64200,USD,64200,US,100,US,M,Remote
2023,EN,FT,['Remote'],56100,USD,56100,US,100,US,M,Remote
2023,SE,FT,['Remote'],208450,USD,208450,US,100,US,M,Remote
2023,SE,FT,['Remote'],170550,USD,170550,US,100,US,M,Remote
2023,SE,FT,['Remote'],200000,USD,200000,US,100,US,M,Remote
2023,SE,FT,['Remote'],170000,USD,170000,US,100,US,M,Remote
2023,SE,FT,['Remote'],205000,USD,205000,US,100,US,M,Remote
2023,SE,FT,['Remote'],184000,USD,184000,US,100,US,M,Remote
2023,SE,FT,['Remote'],115000,USD,115000,CA,100,CA,M,Remote
2023,SE,FT,['Remote'],95000,USD,95000,CA,100,CA,M,Remote
2023,EN,FT,['Remote'],92700,USD,92700,US,100,US,M,Remote
2023,EN,FT,['Remote'],61800,USD,61800,US,100,US,M,Remote
2023,SE,FT,['Remote'],160000,USD,160000,US,100,US,M,Remote
2023,SE,FT,['Remote'],130000,USD,130000,US,100,US,M,Remote
2022,EN,FT,['Remote'],57000,EUR,59888,NL,100,NL,L,Remote
2023,EX,FT,['Remote'],286000,USD,286000,US,100,US,M,Remote
2023,EX,FT,['Remote'],207000,USD,207000,US,100,US,M,Remote
2023,SE,FT,['Remote'],100000,USD,100000,US,100,US,M,Remote
2023,SE,FT,['Remote'],80000,USD,80000,US,100,US,M,Remote
2023,SE,FT,['Remote'],297300,USD,297300,US,100,US,M,Remote
2023,SE,FT,['Remote'],198200,USD,198200,US,100,US,M,Remote
2023,MI,FT,['Remote'],210000,USD,210000,US,100,US,M,Remote
2023,MI,FT,['Remote'],151800,USD,151800,US,100,US,M,Remote
2023,SE,FT,['Remote'],200000,USD,200000,US,100,US,M,Remote
2023,SE,FT,['Remote'],170000,USD,170000,US,100,US,M,Remote
2023,MI,FT,['Remote'],134000,USD,134000,US,100,US,M,Remote
2023,MI,FT,['Remote'],124000,USD,124000,US,100,US,M,Remote
2023,SE,FT,['Remote'],185000,USD,185000,US,100,US,M,Remote
2023,SE,FT,['Remote'],120250,USD,120250,US,100,US,M,Remote
2023,SE,FT,['Remote'],275300,USD,275300,US,100,US,M,Remote
2023,SE,FT,['Remote'],183000,USD,183000,US,100,US,M,Remote
2023,SE,FT,['Remote'],170000,USD,170000,US,100,US,M,Remote
2023,SE,FT,['Remote'],125000,USD,125000,US,100,US,M,Remote
2023,SE,FT,['Remote'],216000,USD,216000,US,100,US,M,Remote
2023,SE,FT,['Remote'],184000,USD,184000,US,100,US,M,Remote
2023,SE,FT,['Remote'],180000,USD,180000,US,100,US,M,Remote
2023,SE,FT,['Remote'],165000,USD,165000,US,100,US,M,Remote
2023,SE,FT,['Remote'],173000,USD,173000,US,100,US,M,Remote
2023,SE,FT,['Remote'],132000,USD,132000,US,100,US,M,Remote
2023,SE,FT,['Remote'],275300,USD,275300,US,100,US,M,Remote
2023,SE,FT,['Remote'],183500,USD,183500,US,100,US,M,Remote
2023,SE,FT,['Remote'],190000,USD,190000,US,100,US,M,Remote
2023,SE,FT,['Remote'],95000,USD,95000,US,100,US,M,Remote
2023,SE,FT,['Remote'],275300,USD,275300,US,100,US,M,Remote
2023,SE,FT,['Remote'],183500,USD,183500,US,100,US,M,Remote
2023,SE,FT,['Remote'],100000,USD,100000,US,100,US,M,Remote
2023,SE,FT,['Remote'],80000,USD,80000,US,100,US,M,Remote
2023,SE,FT,['Remote'],160000,USD,160000,CA,100,CA,M,Remote
2023,SE,FT,['Remote'],145000,USD,145000,CA,100,CA,M,Remote
2022,MI,FT,['Remote'],70000,EUR,73546,DE,100,DE,M,Remote
2023,SE,FT,['Remote'],160000,USD,160000,US,100,US,M,Remote
2023,SE,FT,['Remote'],130000,USD,130000,US,100,US,M,Remote
2023,MI,FT,['Remote'],75000,USD,75000,US,100,US,M,Remote
2023,MI,FT,['Remote'],60400,USD,60400,US,100,US,M,Remote
2023,EN,FT,['Remote'],85000,USD,85000,US,100,US,M,Remote
2023,EN,FT,['Remote'],75000,USD,75000,US,100,US,M,Remote
2023,EN,FT,['Remote'],92700,USD,92700,US,100,US,M,Remote
2023,EN,FT,['Remote'],61800,USD,61800,US,100,US,M,Remote
2022,SE,FT,['Remote'],164000,EUR,172309,IE,100,IE,L,Remote
2023,MI,FT,['Remote'],56000,EUR,60093,AT,100,DE,M,Remote
2023,MI,FT,['Remote'],83500,USD,83500,US,100,US,M,Remote
2023,MI,FT,['Remote'],52500,USD,52500,US,100,US,M,Remote
2023,SE,FT,['Remote'],165000,USD,165000,US,100,US,M,Remote
2023,SE,FT,['Remote'],140000,USD,140000,US,100,US,M,Remote
2023,EN,FT,['Remote'],62000,USD,62000,US,100,US,M,Remote
2023,EN,FT,['Remote'],58000,USD,58000,US,100,US,M,Remote
2023,SE,FT,['Remote'],237000,USD,237000,US,100,US,M,Remote
2023,SE,FT,['Remote'],145000,USD,145000,US,100,US,M,Remote
2023,MI,FT,['Remote'],90000,USD,90000,US,100,US,M,Remote
2023,MI,FT,['Remote'],90000,USD,90000,US,100,US,M,Remote
2023,SE,FT,['Remote'],186300,USD,186300,US,100,US,M,Remote
2023,SE,FT,['Remote'],102500,USD,102500,US,100,US,M,Remote
2023,SE,FT,['Remote'],149040,USD,149040,US,100,US,M,Remote
2023,SE,FT,['Remote'],113900,USD,113900,US,100,US,M,Remote
2023,SE,FT,['Remote'],153600,USD,153600,US,100,US,M,Remote
2023,SE,FT,['Remote'],106800,USD,106800,US,100,US,M,Remote
2023,SE,FT,['Remote'],172600,USD,172600,US,100,US,M,Remote
2023,SE,FT,['Remote'],107900,USD,107900,US,100,US,M,Remote
2023,SE,FT,['Remote'],376080,USD,376080,US,100,US,M,Remote
2023,SE,FT,['Remote'],213120,USD,213120,US,100,US,M,Remote
2023,SE,FT,['Remote'],206500,USD,206500,US,100,US,M,Remote
2023,SE,FT,['Remote'],121600,USD,121600,US,100,US,M,Remote
2023,SE,FT,['Remote'],170000,USD,170000,US,100,US,L,Remote
2023,SE,FT,['Remote'],90000,USD,90000,US,100,US,L,Remote
2023,EN,FT,['Remote'],95000,USD,95000,US,100,US,M,Remote
2023,EN,FT,['Remote'],70000,USD,70000,US,100,US,M,Remote
2023,SE,FT,['Remote'],115934,USD,115934,US,100,US,M,Remote
2023,SE,FT,['Remote'],81666,USD,81666,US,100,US,M,Remote
2023,SE,FT,['Remote'],150000,USD,150000,US,100,US,M,Remote
2023,SE,FT,['Remote'],120000,USD,120000,US,100,US,M,Remote
2023,SE,FT,['Remote'],138000,USD,138000,GB,100,GB,M,Remote
2023,SE,FT,['Remote'],92000,USD,92000,GB,100,GB,M,Remote
2023,SE,FT,['Remote'],110000,USD,110000,US,100,US,M,Remote
2023,SE,FT,['Remote'],75000,USD,75000,US,100,US,M,Remote
2023,MI,FT,['Remote'],70000,GBP,85066,GB,100,GB,M,Remote
2023,MI,FT,['Remote'],47500,GBP,57723,GB,100,GB,M,Remote
2023,SE,FT,['Remote'],185000,USD,185000,US,100,US,M,Remote
2023,SE,FT,['Remote'],120250,USD,120250,US,100,US,M,Remote
2023,MI,FT,['Remote'],130000,USD,130000,US,100,US,L,Remote
2023,SE,FT,['Remote'],297300,USD,297300,US,100,US,M,Remote
2023,SE,FT,['Remote'],198200,USD,198200,US,100,US,M,Remote
2023,SE,FT,['Remote'],184000,USD,184000,US,100,US,M,Remote
2023,SE,FT,['Remote'],143000,USD,143000,US,100,US,M,Remote
2023,SE,FT,['Remote'],275300,USD,275300,US,100,US,M,Remote
2023,SE,FT,['Remote'],183500,USD,183500,US,100,US,M,Remote
2023,MI,FT,['Remote'],75000,USD,75000,US,100,US,M,Remote
2023,MI,FT,['Remote'],65000,USD,65000,US,100,US,M,Remote
2023,SE,FT,['Remote'],149040,USD,149040,US,100,US,M,Remote
2023,SE,FT,['Remote'],113900,USD,113900,US,100,US,M,Remote
2023,MI,FT,['Remote'],100000,SGD,75020,SG,100,SG,L,Remote
2023,MI,FT,['Remote'],1400000,INR,17022,IN,100,IN,L,Remote
2023,EX,FT,['Remote'],210914,USD,210914,US,100,US,M,Remote
2023,EX,FT,['Remote'],116704,USD,116704,US,100,US,M,Remote
2023,EN,FT,['Remote'],75000,USD,75000,US,100,US,M,Remote
2023,EN,FT,['Remote'],60000,USD,60000,US,100,US,M,Remote
2023,SE,FT,['Remote'],160000,USD,160000,US,100,US,M,Remote
2023,SE,FT,['Remote'],130000,USD,130000,US,100,US,M,Remote
2023,SE,FT,['Remote'],193000,USD,193000,US,100,US,M,Remote
2023,SE,FT,['Remote'],136850,USD,136850,US,100,US,M,Remote
2023,SE,FT,['Remote'],276000,USD,276000,US,100,US,M,Remote
2023,SE,FT,['Remote'],178500,USD,178500,US,100,US,M,Remote
2023,MI,FT,['Remote'],70000,EUR,75116,SI,100,SI,M,Remote
2023,MI,FT,['Remote'],45000,EUR,48289,SI,100,SI,M,Remote
2022,SE,FT,['Remote'],130000,USD,130000,US,100,US,L,Remote
2021,MI,FT,['Remote'],150000,USD,150000,US,100,US,M,Remote
2023,SE,FT,['Remote'],260000,USD,260000,CA,100,CA,M,Remote
2023,SE,FT,['Remote'],110000,USD,110000,CA,100,CA,M,Remote
2023,SE,FT,['Remote'],170000,USD,170000,US,100,US,M,Remote
2023,SE,FT,['Remote'],130000,USD,130000,US,100,US,M,Remote
2023,SE,FT,['Remote'],188500,USD,188500,US,100,US,M,Remote
2023,SE,FT,['Remote'],117000,USD,117000,US,100,US,M,Remote
2023,SE,FT,['Remote'],250000,USD,250000,US,100,US,M,Remote
2023,SE,FT,['Remote'],138000,USD,138000,US,100,US,M,Remote
2023,MI,FT,['Remote'],130000,USD,130000,CA,100,CA,M,Remote
2023,MI,FT,['Remote'],100000,USD,100000,CA,100,CA,M,Remote
2023,SE,FT,['Remote'],153600,USD,153600,US,100,US,M,Remote
2023,SE,FT,['Remote'],106800,USD,106800,US,100,US,M,Remote
2023,MI,FT,['Remote'],185000,USD,185000,US,100,US,M,Remote
2023,MI,FT,['Remote'],125000,USD,125000,US,100,US,M,Remote
2023,SE,FT,['Remote'],127000,USD,127000,US,100,US,M,Remote
2023,SE,FT,['Remote'],94000,USD,94000,US,100,US,M,Remote
2023,MI,FT,['Remote'],200000,USD,200000,US,100,US,M,Remote
2023,MI,FT,['Remote'],150000,USD,150000,US,100,US,M,Remote
2023,SE,FT,['Remote'],161500,USD,161500,US,100,US,M,Remote
2023,SE,FT,['Remote'],119500,USD,119500,US,100,US,M,Remote
2023,EN,FT,['Remote'],200000,EUR,214618,DE,100,DE,L,Remote
2023,MI,FT,['Remote'],72000,USD,72000,MX,100,MX,M,Remote
2023,MI,FT,['Remote'],60000,USD,60000,MX,100,MX,M,Remote
2023,SE,FT,['Remote'],186300,USD,186300,US,100,US,M,Remote
2023,SE,FT,['Remote'],123900,USD,123900,US,100,US,M,Remote
2023,MI,FT,['Remote'],340000,USD,340000,US,100,US,M,Remote
2023,MI,FT,['Remote'],150000,USD,150000,US,100,US,M,Remote
2023,EN,FT,['Remote'],100000,USD,100000,UZ,100,US,L,Remote
2023,EX,FT,['Remote'],310000,USD,310000,US,100,US,M,Remote
2023,EX,FT,['Remote'],239000,USD,239000,US,100,US,M,Remote
2023,MI,FT,['Remote'],150000,USD,150000,US,100,US,M,Remote
2023,MI,FT,['Remote'],97750,USD,97750,US,100,US,M,Remote
2023,SE,FT,['Remote'],120000,USD,120000,US,100,US,M,Remote
2023,SE,FT,['Remote'],75000,USD,75000,US,100,US,M,Remote
2023,MI,FT,['Remote'],116990,USD,116990,US,100,US,M,Remote
2023,MI,FT,['Remote'],82920,USD,82920,US,100,US,M,Remote
2023,SE,FT,['Remote'],121500,USD,121500,US,100,US,M,Remote
2023,SE,FT,['Remote'],78000,USD,78000,US,100,US,M,Remote
2023,MI,FT,['Remote'],65000,GBP,78990,GB,100,GB,M,Remote
2023,MI,FT,['Remote'],36050,GBP,43809,GB,100,GB,M,Remote
2023,SE,FT,['Remote'],275300,USD,275300,US,100,US,M,Remote
2023,SE,FT,['Remote'],183000,USD,183000,US,100,US,M,Remote
2023,SE,FT,['Remote'],160000,USD,160000,US,100,US,M,Remote
2023,SE,FT,['Remote'],130000,USD,130000,US,100,US,M,Remote
2023,SE,FT,['Remote'],175000,USD,175000,US,100,US,M,Remote
2023,SE,FT,['Remote'],160000,USD,160000,US,100,US,M,Remote
2023,EN,FT,['Remote'],85000,USD,85000,US,100,US,M,Remote
2023,EN,FT,['Remote'],75000,USD,75000,US,100,US,M,Remote
2023,SE,FT,['Remote'],145000,USD,145000,US,100,US,M,Remote
2023,SE,FT,['Remote'],90000,USD,90000,US,100,US,M,Remote
2023,SE,FT,['Remote'],160000,USD,160000,US,100,US,M,Remote
2023,SE,FT,['Remote'],130000,USD,130000,US,100,US,M,Remote
2022,EN,PT,['Remote'],34320,USD,34320,US,100,US,S,Remote
2022,MI,FT,['Remote'],48000,BRL,9289,BR,100,BR,M,Remote
2023,SE,FT,['Remote'],70000,EUR,75116,PT,100,PT,L,Remote
2023,SE,FT,['Remote'],175000,USD,175000,US,100,US,M,Remote
2023,SE,FT,['Remote'],130000,USD,130000,US,100,US,M,Remote
2023,SE,FT,['Remote'],122000,USD,122000,US,100,US,M,Remote
2023,SE,FT,['Remote'],93800,USD,93800,US,100,US,M,Remote
2023,SE,FT,['Remote'],150000,USD,150000,MX,100,MX,M,Remote
2023,SE,FT,['Remote'],90000,USD,90000,MX,100,MX,M,Remote
2023,SE,FT,['Remote'],165000,USD,165000,US,100,US,M,Remote
2023,SE,FT,['Remote'],112000,USD,112000,US,100,US,M,Remote
2023,SE,FT,['Remote'],67000,EUR,71897,DE,100,DE,M,Remote
2023,SE,FT,['Remote'],1300000,INR,15806,IN,100,IN,S,Remote
2023,SE,FT,['Remote'],136000,USD,136000,US,100,US,M,Remote
2023,SE,FT,['Remote'],104000,USD,104000,US,100,US,M,Remote
2023,EX,FT,['Remote'],310000,USD,310000,US,100,US,M,Remote
2023,EX,FT,['Remote'],239000,USD,239000,US,100,US,M,Remote
2022,SE,FT,['Remote'],192000,USD,192000,US,100,US,L,Remote
2023,SE,FT,['Remote'],100000,EUR,107309,DE,100,DE,S,Remote
2023,SE,FT,['Remote'],80000,EUR,85847,DE,100,DE,S,Remote
2023,SE,FT,['Remote'],170500,USD,170500,US,100,US,M,Remote
2023,SE,FT,['Remote'],85000,USD,85000,US,100,US,M,Remote
2023,SE,FT,['Remote'],179975,USD,179975,US,100,US,M,Remote
2023,SE,FT,['Remote'],86466,USD,86466,US,100,US,M,Remote
2023,SE,FT,['Remote'],165000,USD,165000,US,100,US,M,Remote
2023,SE,FT,['Remote'],125000,USD,125000,US,100,US,M,Remote
2022,EN,FT,['Remote'],168000,USD,168000,US,100,US,M,Remote
2023,SE,FT,['Remote'],202000,USD,202000,US,100,US,M,Remote
2023,SE,FT,['Remote'],135000,USD,135000,US,100,US,M,Remote
2023,SE,FT,['Remote'],104000,USD,104000,US,100,US,M,Remote
2023,SE,FT,['Remote'],65000,USD,65000,US,100,US,M,Remote
2023,SE,FT,['Remote'],269000,USD,269000,CA,100,CA,M,Remote
2023,SE,FT,['Remote'],158000,USD,158000,CA,100,CA,M,Remote
2023,MI,FT,['Remote'],150000,USD,150000,US,100,US,M,Remote
2023,MI,FT,['Remote'],100000,USD,100000,US,100,US,M,Remote
2023,SE,FT,['Remote'],290000,USD,290000,US,100,US,M,Remote
2023,SE,FT,['Remote'],210000,USD,210000,US,100,US,M,Remote
2023,MI,FT,['Remote'],95000,GBP,115447,GB,100,GB,L,Remote
2023,SE,FT,['Remote'],110000,USD,110000,US,100,US,S,Remote
2023,SE,FT,['Remote'],80000,USD,80000,US,100,US,S,Remote
2023,SE,FT,['Remote'],137500,USD,137500,US,100,US,M,Remote
2023,SE,FT,['Remote'],81500,USD,81500,US,100,US,M,Remote
2023,SE,FT,['Remote'],186000,USD,186000,US,100,US,M,Remote
2023,SE,FT,['Remote'],153088,USD,153088,US,100,US,M,Remote
2023,MI,FT,['Remote'],190000,USD,190000,US,100,US,M,Remote
2023,MI,FT,['Remote'],160000,USD,160000,US,100,US,M,Remote
2023,SE,FT,['Remote'],200000,USD,200000,US,100,US,M,Remote
2023,SE,FT,['Remote'],150000,USD,150000,US,100,US,M,Remote
2023,SE,FT,['Remote'],240000,USD,240000,US,100,US,M,Remote
2023,SE,FT,['Remote'],180000,USD,180000,US,100,US,M,Remote
2023,SE,FT,['Remote'],200000,USD,200000,US,100,US,M,Remote
2023,SE,FT,['Remote'],150000,USD,150000,US,100,US,M,Remote
2023,SE,FT,['Remote'],144000,USD,144000,US,100,US,M,Remote
2023,SE,FT,['Remote'],66000,USD,66000,US,100,US,M,Remote
2023,SE,FT,['Remote'],259000,USD,259000,US,100,US,M,Remote
2023,SE,FT,['Remote'],146000,USD,146000,US,100,US,M,Remote
2023,EX,FT,['Remote'],310000,USD,310000,US,100,US,M,Remote
2023,EX,FT,['Remote'],239000,USD,239000,US,100,US,M,Remote
2023,SE,FT,['Remote'],142000,USD,142000,US,100,US,M,Remote
2023,SE,FT,['Remote'],95000,USD,95000,US,100,US,M,Remote
2023,MI,FT,['Remote'],140000,USD,140000,US,100,US,M,Remote
2023,MI,FT,['Remote'],120000,USD,120000,US,100,US,M,Remote
2023,SE,FT,['Remote'],259000,USD,259000,US,100,US,M,Remote
2023,SE,FT,['Remote'],146000,USD,146000,US,100,US,M,Remote
2023,EN,PT,['Remote'],78000,PLN,17779,PL,100,IN,L,Remote
2023,EN,FT,['Remote'],101400,BRL,19522,BR,100,BR,L,Remote
2023,SE,FT,['Remote'],100000,EUR,107309,FR,100,FR,M,Remote
2023,SE,FT,['Remote'],70000,EUR,75116,FR,100,FR,M,Remote
2023,SE,FT,['Remote'],120000,USD,120000,US,100,US,M,Remote
2023,SE,FT,['Remote'],75000,USD,75000,US,100,US,M,Remote
2023,SE,FT,['Remote'],288000,USD,288000,US,100,US,M,Remote
2023,SE,FT,['Remote'],140000,USD,140000,US,100,US,M,Remote
2023,SE,FT,['Remote'],288000,USD,288000,US,100,US,M,Remote
2023,SE,FT,['Remote'],140000,USD,140000,US,100,US,M,Remote
2023,SE,FT,['Remote'],215050,USD,215050,US,100,US,M,Remote
2023,SE,FT,['Remote'],156400,USD,156400,US,100,US,M,Remote
2023,SE,FT,['Remote'],198000,USD,198000,US,100,US,M,Remote
2023,SE,FT,['Remote'],114000,USD,114000,US,100,US,M,Remote
2023,EN,FT,['Remote'],75000,USD,75000,US,100,US,M,Remote
2023,EN,FT,['Remote'],60000,USD,60000,US,100,US,M,Remote
2023,SE,FT,['Remote'],209300,USD,209300,US,100,US,M,Remote
2023,SE,FT,['Remote'],182200,USD,182200,US,100,US,M,Remote
2023,MI,FT,['Remote'],40000,GBP,48609,GB,100,GB,M,Remote
2023,EN,FT,['Remote'],120000,USD,120000,GB,100,GB,M,Remote
2023,EN,FT,['Remote'],60000,USD,60000,GB,100,GB,M,Remote
2023,SE,FT,['Remote'],180000,USD,180000,US,100,US,M,Remote
2023,SE,FT,['Remote'],160000,USD,160000,US,100,US,M,Remote
2023,SE,FT,['Remote'],180000,USD,180000,US,100,US,M,Remote
2023,SE,FT,['Remote'],160000,USD,160000,US,100,US,M,Remote
2023,SE,FT,['Remote'],52000,EUR,55800,ES,100,ES,M,Remote
2023,SE,FT,['Remote'],48000,EUR,51508,ES,100,ES,M,Remote
2023,EN,FT,['Remote'],60000,USD,60000,US,100,US,L,Remote
2023,SE,FT,['Remote'],124999,GBP,151902,GB,100,GB,L,Remote
2023,SE,FT,['Remote'],250000,USD,250000,US,100,US,M,Remote
2023,SE,FT,['Remote'],162500,USD,162500,US,100,US,M,Remote
2023,EN,FT,['Remote'],85000,USD,85000,US,100,US,M,Remote
2023,EN,FT,['Remote'],75000,USD,75000,US,100,US,M,Remote
2023,SE,FT,['Remote'],115934,USD,115934,US,100,US,M,Remote
2023,SE,FT,['Remote'],81666,USD,81666,US,100,US,M,Remote
2023,SE,FT,['Remote'],250000,USD,250000,US,100,US,M,Remote
2023,SE,FT,['Remote'],63000,USD,63000,US,100,US,M,Remote
2023,SE,FT,['Remote'],213580,USD,213580,US,100,US,M,Remote
2023,SE,FT,['Remote'],163625,USD,163625,US,100,US,M,Remote
2022,SE,FT,['Remote'],375000,USD,375000,US,100,US,M,Remote
2023,SE,FT,['Remote'],95000,EUR,101943,IE,100,IE,M,Remote
2023,MI,FT,['Remote'],1350000,INR,16414,IN,100,IN,L,Remote
2023,SE,FT,['Remote'],180000,USD,180000,US,100,US,M,Remote
2023,SE,FT,['Remote'],115000,USD,115000,US,100,US,M,Remote
2023,SE,FT,['Remote'],200000,USD,200000,US,100,US,M,Remote
2023,SE,FT,['Remote'],115000,USD,115000,US,100,US,M,Remote
2023,SE,FT,['Remote'],231250,USD,231250,US,100,US,M,Remote
2023,SE,FT,['Remote'],138750,USD,138750,US,100,US,M,Remote
2023,SE,FT,['Remote'],160000,USD,160000,US,100,US,M,Remote
2023,SE,FT,['Remote'],75000,USD,75000,US,100,US,M,Remote
2023,SE,FT,['Remote'],250000,USD,250000,US,100,US,M,Remote
2023,SE,FT,['Remote'],162500,USD,162500,US,100,US,M,Remote
2023,SE,FT,['Remote'],318300,USD,318300,US,100,US,M,Remote
2023,SE,FT,['Remote'],188800,USD,188800,US,100,US,M,Remote
2023,MI,FT,['Remote'],110000,USD,110000,US,100,US,M,Remote
2023,MI,FT,['Remote'],95000,USD,95000,US,100,US,M,Remote
2023,SE,FT,['Remote'],145000,USD,145000,US,100,US,M,Remote
2023,SE,FT,['Remote'],135000,USD,135000,US,100,US,M,Remote
2023,SE,FT,['Remote'],93919,USD,93919,US,100,US,M,Remote
2023,SE,FT,['Remote'],51962,USD,51962,US,100,US,M,Remote
2023,SE,FT,['Remote'],170000,USD,170000,US,100,US,M,Remote
2023,SE,FT,['Remote'],90000,USD,90000,US,100,US,M,Remote
2023,EX,FT,['Remote'],210914,USD,210914,US,100,US,M,Remote
2023,EX,FT,['Remote'],116704,USD,116704,US,100,US,M,Remote
2023,SE,FT,['Remote'],192500,USD,192500,US,100,US,M,Remote
2023,SE,FT,['Remote'],140000,USD,140000,US,100,US,M,Remote
2023,MI,FT,['Remote'],36000,USD,36000,MX,100,MX,S,Remote
2023,SE,FT,['Remote'],235000,USD,235000,US,100,US,M,Remote
2023,SE,FT,['Remote'],185000,USD,185000,US,100,US,M,Remote
2023,SE,FT,['Remote'],50000,EUR,53654,NL,100,CA,L,Remote
2023,MI,FT,['Remote'],55000,GBP,66837,GB,100,GB,M,Remote
2023,MI,FT,['Remote'],52000,GBP,63192,GB,100,GB,M,Remote
2023,EX,FT,['Remote'],284000,USD,284000,US,100,US,M,Remote
2023,EX,FT,['Remote'],236000,USD,236000,US,100,US,M,Remote
2023,MI,FT,['Remote'],151410,USD,151410,US,100,US,M,Remote
2023,MI,FT,['Remote'],115360,USD,115360,US,100,US,M,Remote
2023,MI,FT,['Remote'],62000,EUR,66531,ES,100,ES,M,Remote
2023,MI,FT,['Remote'],55000,EUR,59020,ES,100,ES,M,Remote
2023,EN,FT,['Remote'],25000,EUR,26827,DE,100,DE,L,Remote
2022,EN,FT,['Remote'],180000,USD,180000,US,100,US,M,Remote
2023,SE,FT,['Remote'],135000,USD,135000,US,100,US,M,Remote
2023,SE,FT,['Remote'],100000,USD,100000,US,100,US,M,Remote
2023,SE,FT,['Remote'],225000,USD,225000,US,100,US,M,Remote
2023,SE,FT,['Remote'],156400,USD,156400,US,100,US,M,Remote
2023,SE,FT,['Remote'],150000,USD,150000,US,100,US,M,Remote
2023,SE,FT,['Remote'],107000,USD,107000,US,100,US,M,Remote
2022,MI,FT,['Remote'],23000,USD,23000,IN,100,IN,L,Remote
2023,MI,FT,['Remote'],110000,USD,110000,US,100,US,L,Remote
2023,SE,FT,['Remote'],265000,USD,265000,US,100,US,M,Remote
2023,SE,FT,['Remote'],182750,USD,182750,US,100,US,M,Remote
2023,SE,FT,['Remote'],165000,USD,165000,US,100,US,M,Remote
2023,SE,FT,['Remote'],144000,USD,144000,US,100,US,M,Remote
2023,EN,FT,['Remote'],130000,USD,130000,SE,100,SE,S,Remote
2023,EX,FT,['Remote'],310000,USD,310000,US,100,US,M,Remote
2023,EX,FT,['Remote'],239000,USD,239000,US,100,US,M,Remote
2023,SE,FT,['Remote'],225000,USD,225000,US,100,US,M,Remote
2023,SE,FT,['Remote'],156400,USD,156400,US,100,US,M,Remote
2023,MI,FT,['Remote'],180000,USD,180000,US,100,US,M,Remote
2023,MI,FT,['Remote'],150000,USD,150000,US,100,US,M,Remote
2023,SE,FT,['Remote'],209450,USD,209450,US,100,US,M,Remote
2023,SE,FT,['Remote'],158677,USD,158677,US,100,US,M,Remote
2022,MI,FT,['Remote'],155000,USD,155000,US,100,US,L,Remote
2023,SE,FT,['Remote'],237000,USD,237000,US,100,US,M,Remote
2023,SE,FT,['Remote'],145000,USD,145000,US,100,US,M,Remote
2023,SE,FT,['Remote'],240000,USD,240000,US,100,US,M,Remote
2023,SE,FT,['Remote'],139000,USD,139000,US,100,US,M,Remote
2023,SE,FT,['Remote'],130000,USD,130000,US,100,US,M,Remote
2023,SE,FT,['Remote'],87000,USD,87000,US,100,US,M,Remote
2023,SE,FT,['Remote'],160000,USD,160000,US,100,US,M,Remote
2023,SE,FT,['Remote'],108000,USD,108000,US,100,US,M,Remote
2023,SE,FT,['Remote'],165000,USD,165000,US,100,US,M,Remote
2023,SE,FT,['Remote'],107250,USD,107250,US,100,US,M,Remote
2023,SE,FT,['Remote'],285800,USD,285800,US,100,US,M,Remote
2023,SE,FT,['Remote'],154600,USD,154600,US,100,US,M,Remote
2023,EN,FT,['Remote'],30000,USD,30000,AR,100,US,S,Remote
2023,SE,FT,['Remote'],200000,USD,200000,US,100,US,M,Remote
2023,SE,FT,['Remote'],175000,USD,175000,US,100,US,M,Remote
2023,SE,FT,['Remote'],231250,USD,231250,US,100,US,M,Remote
2023,SE,FT,['Remote'],138750,USD,138750,US,100,US,M,Remote
2023,SE,FT,['Remote'],153000,USD,153000,CA,100,CA,M,Remote
2023,SE,FT,['Remote'],94000,USD,94000,CA,100,CA,M,Remote
2023,SE,FT,['Remote'],160000,USD,160000,US,100,US,M,Remote
2023,SE,FT,['Remote'],90000,USD,90000,US,100,US,M,Remote
2023,SE,FT,['Remote'],275300,USD,275300,US,100,US,M,Remote
2023,SE,FT,['Remote'],183500,USD,183500,US,100,US,M,Remote
2023,SE,FT,['Remote'],275300,USD,275300,US,100,US,M,Remote
2023,SE,FT,['Remote'],183500,USD,183500,US,100,US,M,Remote
2023,SE,FT,['Remote'],160000,USD,160000,US,100,US,M,Remote
2023,SE,FT,['Remote'],125600,USD,125600,US,100,US,M,Remote
2023,SE,FT,['Remote'],85000,USD,85000,US,100,US,M,Remote
2023,SE,FT,['Remote'],75000,USD,75000,US,100,US,M,Remote
2023,SE,FT,['Remote'],205600,USD,205600,US,100,US,M,Remote
2023,SE,FT,['Remote'],107500,USD,107500,US,100,US,M,Remote
2023,SE,FT,['Remote'],160000,USD,160000,US,100,US,M,Remote
2023,SE,FT,['Remote'],130000,USD,130000,US,100,US,M,Remote
2023,SE,FT,['Remote'],136000,USD,136000,US,100,US,M,Remote
2023,SE,FT,['Remote'],104000,USD,104000,US,100,US,M,Remote
2023,SE,FT,['Remote'],110000,USD,110000,US,100,US,M,Remote
2023,SE,FT,['Remote'],84000,USD,84000,US,100,US,M,Remote
2023,SE,FT,['Remote'],170000,USD,170000,US,100,US,M,Remote
2023,SE,FT,['Remote'],150000,USD,150000,US,100,US,M,Remote
2023,SE,FT,['Remote'],200000,USD,200000,US,100,US,S,Remote
2023,MI,FT,['Remote'],80000,USD,80000,KE,100,KE,S,Remote
2023,SE,FT,['Remote'],140000,USD,140000,US,100,US,M,Remote
2023,SE,FT,['Remote'],110000,USD,110000,US,100,US,M,Remote
2023,MI,FT,['Remote'],120000,USD,120000,US,100,US,M,Remote
2023,MI,FT,['Remote'],95000,USD,95000,US,100,US,M,Remote
2023,SE,FT,['Remote'],250000,USD,250000,US,100,US,M,Remote
2023,SE,FT,['Remote'],63000,USD,63000,US,100,US,M,Remote
2023,SE,FT,['Remote'],237000,USD,237000,US,100,US,M,Remote
2023,SE,FT,['Remote'],145000,USD,145000,US,100,US,M,Remote
2023,SE,FT,['Remote'],130000,USD,130000,US,100,US,M,Remote
2023,SE,FT,['Remote'],90000,USD,90000,US,100,US,M,Remote
2023,MI,FT,['Remote'],120000,USD,120000,US,100,US,M,Remote
2023,MI,FT,['Remote'],100000,USD,100000,US,100,US,M,Remote
2023,SE,FT,['Remote'],145000,USD,145000,US,100,US,M,Remote
2023,SE,FT,['Remote'],102500,USD,102500,US,100,US,M,Remote
2022,MI,FT,['Remote'],1250000,INR,15897,IN,100,IN,M,Remote
2022,MI,FT,['Remote'],110000,USD,110000,US,100,US,L,Remote
2023,SE,FT,['Remote'],136000,USD,136000,US,100,US,M,Remote
2023,SE,FT,['Remote'],104000,USD,104000,US,100,US,M,Remote
2023,SE,FT,['Remote'],168000,USD,168000,US,100,US,M,Remote
2023,SE,FT,['Remote'],130000,USD,130000,US,100,US,M,Remote
2023,SE,FT,['Remote'],205000,USD,205000,US,100,US,M,Remote
2023,SE,FT,['Remote'],185000,USD,185000,US,100,US,M,Remote
2023,EN,FT,['Remote'],50000,USD,50000,IN,100,US,M,Remote
2023,SE,FT,['Remote'],234100,USD,234100,US,100,US,M,Remote
2023,SE,FT,['Remote'],203500,USD,203500,US,100,US,M,Remote
2023,SE,FT,['Remote'],232200,USD,232200,US,100,US,M,Remote
2023,SE,FT,['Remote'],167200,USD,167200,US,100,US,M,Remote
2023,SE,FT,['Remote'],170000,USD,170000,US,100,US,M,Remote
2023,SE,FT,['Remote'],114000,USD,114000,US,100,US,M,Remote
2023,MI,FT,['Remote'],95000,USD,95000,ES,100,ES,M,Remote
2023,MI,FT,['Remote'],80000,USD,80000,ES,100,ES,M,Remote
2023,SE,FT,['Remote'],180000,USD,180000,US,100,US,M,Remote
2023,SE,FT,['Remote'],115000,USD,115000,US,100,US,M,Remote
2023,SE,FT,['Remote'],133800,USD,133800,US,100,US,M,Remote
2023,SE,FT,['Remote'],96100,USD,96100,US,100,US,M,Remote
2023,SE,FT,['Remote'],140000,USD,140000,US,100,US,M,Remote
2023,SE,FT,['Remote'],115000,USD,115000,US,100,US,M,Remote
2023,SE,FT,['Remote'],297300,USD,297300,US,100,US,M,Remote
2023,SE,FT,['Remote'],198200,USD,198200,US,100,US,M,Remote
2023,SE,FT,['Remote'],297300,USD,297300,US,100,US,M,Remote
2023,SE,FT,['Remote'],198200,USD,198200,US,100,US,M,Remote
2023,SE,FT,['Remote'],202000,USD,202000,US,100,US,M,Remote
2023,SE,FT,['Remote'],135000,USD,135000,US,100,US,M,Remote
2023,SE,FT,['Remote'],110000,USD,110000,US,100,US,M,Remote
2023,SE,FT,['Remote'],84000,USD,84000,US,100,US,M,Remote
2023,SE,FT,['Remote'],230000,USD,230000,US,100,US,M,Remote
2023,SE,FT,['Remote'],196000,USD,196000,US,100,US,M,Remote
2023,SE,FT,['Remote'],140000,USD,140000,US,100,US,M,Remote
2023,SE,FT,['Remote'],110000,USD,110000,US,100,US,M,Remote
2023,SE,FT,['Remote'],170000,USD,170000,US,100,US,M,Remote
2023,SE,FT,['Remote'],150000,USD,150000,US,100,US,M,Remote
2023,MI,FT,['Remote'],175000,USD,175000,US,100,US,M,Remote
2023,MI,FT,['Remote'],140000,USD,140000,US,100,US,M,Remote
2022,EN,PT,['Remote'],24000,EUR,25216,ES,100,US,L,Remote
2023,SE,FT,['Remote'],225000,USD,225000,US,100,US,M,Remote
2023,SE,FT,['Remote'],165750,USD,165750,US,100,US,M,Remote
2023,SE,FT,['Remote'],135000,USD,135000,US,100,US,M,Remote
2023,SE,FT,['Remote'],115000,USD,115000,US,100,US,M,Remote
2023,SE,FT,['Remote'],170000,USD,170000,US,100,US,M,Remote
2023,SE,FT,['Remote'],140000,USD,140000,US,100,US,M,Remote
2023,MI,FT,['Remote'],120000,USD,120000,US,100,US,M,Remote
2023,MI,FT,['Remote'],100000,USD,100000,US,100,US,M,Remote
2023,SE,FT,['Remote'],130000,USD,130000,US,100,US,M,Remote
2023,SE,FT,['Remote'],80000,USD,80000,US,100,US,M,Remote
2021,SE,FT,['Remote'],4000000,INR,54094,IN,100,IN,L,Remote
2023,SE,FT,['Remote'],231250,USD,231250,US,100,US,M,Remote
2023,SE,FT,['Remote'],138750,USD,138750,US,100,US,M,Remote
2022,EN,FT,['Remote'],100000,USD,100000,US,100,US,M,Remote
2023,SE,FT,['Remote'],187500,USD,187500,US,100,US,M,Remote
2023,SE,FT,['Remote'],175000,USD,175000,US,100,US,M,Remote
2023,SE,FT,['Remote'],155000,USD,155000,US,100,US,M,Remote
2023,SE,FT,['Remote'],64000,USD,64000,US,100,US,M,Remote
2023,SE,FT,['Remote'],184000,USD,184000,US,100,US,M,Remote
2023,SE,FT,['Remote'],142000,USD,142000,US,100,US,M,Remote
2023,MI,FT,['Remote'],62000,GBP,75344,GB,100,GB,M,Remote
2023,MI,FT,['Remote'],52000,GBP,63192,GB,100,GB,M,Remote
2023,MI,FT,['Remote'],48000,GBP,58331,GB,100,GB,M,Remote
2023,MI,FT,['Remote'],38000,GBP,46178,GB,100,GB,M,Remote
2023,SE,FT,['Remote'],166000,USD,166000,US,100,US,M,Remote
2023,SE,FT,['Remote'],128000,USD,128000,US,100,US,M,Remote
2023,SE,FT,['Remote'],170000,USD,170000,US,100,US,M,Remote
2023,SE,FT,['Remote'],110000,USD,110000,US,100,US,M,Remote
2023,SE,FT,['Remote'],160000,USD,160000,US,100,US,M,Remote
2023,SE,FT,['Remote'],75000,USD,75000,US,100,US,M,Remote
2023,SE,FT,['Remote'],236000,USD,236000,US,100,US,M,Remote
2023,SE,FT,['Remote'],182000,USD,182000,US,100,US,M,Remote
2022,MI,FT,['Remote'],1125000,INR,14307,IN,100,IN,L,Remote
2022,MI,FT,['Remote'],1100000,INR,13989,IN,100,IN,L,Remote
2022,SE,FT,['Remote'],125000,USD,125000,US,100,US,L,Remote
2022,SE,FT,['Remote'],150000,USD,150000,US,100,US,M,Remote
2022,MI,FT,['Remote'],150000,USD,150000,US,100,US,M,Remote
2022,MI,FT,['Remote'],127500,USD,127500,US,100,US,M,Remote
2022,SE,FT,['Remote'],126500,USD,126500,US,100,US,M,Remote
2022,SE,FT,['Remote'],51000,USD,51000,US,100,US,M,Remote
2022,EN,FT,['Remote'],40000,USD,40000,AU,100,PK,M,Remote
2022,EN,FT,['Remote'],40000,USD,40000,PK,100,AU,M,Remote
2022,SE,FT,['Remote'],250000,USD,250000,US,100,US,M,Remote
2022,SE,FT,['Remote'],63000,USD,63000,US,100,US,M,Remote
2022,SE,FT,['Remote'],210000,USD,210000,US,100,US,M,Remote
2022,SE,FT,['Remote'],160000,USD,160000,US,100,US,M,Remote
2022,SE,FT,['Remote'],272550,USD,272550,US,100,US,M,Remote
2022,SE,FT,['Remote'],198200,USD,198200,US,100,US,M,Remote
2022,MI,FT,['Remote'],90000,EUR,94560,FR,100,FR,M,Remote
2022,MI,FT,['Remote'],50000,EUR,52533,FR,100,FR,M,Remote
2022,SE,FT,['Remote'],248400,USD,248400,CA,100,CA,M,Remote
2022,SE,FT,['Remote'],183600,USD,183600,CA,100,CA,M,Remote
2022,MI,FT,['Remote'],150000,USD,150000,US,100,US,M,Remote
2022,MI,FT,['Remote'],150000,USD,150000,US,100,US,M,Remote
2022,EN,FT,['Remote'],40000,USD,40000,PK,100,AU,M,Remote
2022,SE,FT,['Remote'],216000,USD,216000,US,100,US,M,Remote
2022,SE,FT,['Remote'],144000,USD,144000,US,100,US,M,Remote
2022,SE,FT,['Remote'],149000,USD,149000,US,100,US,M,Remote
2022,SE,FT,['Remote'],119000,USD,119000,US,100,US,M,Remote
2022,SE,FT,['Remote'],246000,USD,246000,US,100,US,M,Remote
2022,SE,FT,['Remote'],201000,USD,201000,US,100,US,M,Remote
2022,SE,FT,['Remote'],235000,USD,235000,US,100,US,M,Remote
2022,SE,FT,['Remote'],185000,USD,185000,US,100,US,M,Remote
2022,SE,FT,['Remote'],190000,USD,190000,US,100,US,M,Remote
2022,SE,FT,['Remote'],160000,USD,160000,US,100,US,M,Remote
2022,EN,FT,['Remote'],100000,USD,100000,US,100,US,M,Remote
2022,SE,FT,['Remote'],192000,USD,192000,US,100,US,M,Remote
2022,SE,FT,['Remote'],164000,USD,164000,US,100,US,M,Remote
2022,MI,FT,['Remote'],75000,USD,75000,US,100,US,M,Remote
2022,MI,FT,['Remote'],60000,USD,60000,US,100,US,M,Remote
2022,SE,FT,['Remote'],184000,USD,184000,US,100,US,M,Remote
2022,SE,FT,['Remote'],142000,USD,142000,US,100,US,M,Remote
2022,MI,FT,['Remote'],2500000,INR,31795,IN,100,US,M,Remote
2022,MI,FT,['Remote'],198000,PLN,44365,PL,100,PL,S,Remote
2022,MI,FT,['Remote'],75000,GBP,92350,GB,100,GB,M,Remote
2022,MI,FT,['Remote'],60000,GBP,73880,GB,100,GB,M,Remote
2022,SE,FT,['Remote'],192000,USD,192000,US,100,US,M,Remote
2022,SE,FT,['Remote'],164000,USD,164000,US,100,US,M,Remote
2022,EX,FT,['Remote'],310000,USD,310000,US,100,US,M,Remote
2022,EX,FT,['Remote'],239000,USD,239000,US,100,US,M,Remote
2022,MI,FT,['Remote'],160000,USD,160000,US,100,US,M,Remote
2022,MI,FT,['Remote'],120000,USD,120000,US,100,US,M,Remote
2022,SE,FT,['Remote'],125000,USD,125000,CO,100,CO,L,Remote
2022,SE,FT,['Remote'],115934,USD,115934,US,100,US,M,Remote
2022,SE,FT,['Remote'],81666,USD,81666,US,100,US,M,Remote
2022,SE,FT,['Remote'],175000,USD,175000,US,100,US,M,Remote
2022,SE,FT,['Remote'],140000,USD,140000,US,100,US,M,Remote
2022,MI,FT,['Remote'],122500,USD,122500,US,100,US,M,Remote
2022,MI,FT,['Remote'],100000,USD,100000,US,100,US,M,Remote
2022,MI,FT,['Remote'],56000,EUR,58837,FR,100,FR,S,Remote
2022,SE,FT,['Remote'],190000,USD,190000,US,100,US,M,Remote
2022,SE,FT,['Remote'],120000,USD,120000,US,100,US,M,Remote
2022,SE,FT,['Remote'],127000,USD,127000,US,100,US,M,Remote
2022,SE,FT,['Remote'],104000,USD,104000,US,100,US,M,Remote
2022,SE,FT,['Remote'],210000,USD,210000,US,100,US,M,Remote
2022,SE,FT,['Remote'],150000,USD,150000,US,100,US,M,Remote
2022,SE,FT,['Remote'],210000,USD,210000,US,100,US,M,Remote
2022,SE,FT,['Remote'],150000,USD,150000,US,100,US,M,Remote
2022,SE,FT,['Remote'],210000,USD,210000,US,100,US,M,Remote
2022,SE,FT,['Remote'],130000,USD,130000,US,100,US,M,Remote
2022,SE,FT,['Remote'],182750,USD,182750,US,100,US,M,Remote
2022,SE,FT,['Remote'],161500,USD,161500,US,100,US,M,Remote
2022,MI,FT,['Remote'],102640,USD,102640,US,100,US,M,Remote
2022,MI,FT,['Remote'],66100,USD,66100,US,100,US,M,Remote
2022,SE,FT,['Remote'],210000,USD,210000,US,100,US,M,Remote
2022,SE,FT,['Remote'],150000,USD,150000,US,100,US,M,Remote
2022,MI,FT,['Remote'],130000,USD,130000,US,100,US,M,Remote
2022,MI,FT,['Remote'],80000,USD,80000,US,100,US,M,Remote
2022,SE,FT,['Remote'],136000,USD,136000,US,100,US,M,Remote
2022,SE,FT,['Remote'],104000,USD,104000,US,100,US,M,Remote
2022,SE,FT,['Remote'],150000,USD,150000,US,100,US,M,Remote
2022,SE,FT,['Remote'],100000,USD,100000,US,100,US,M,Remote
2022,SE,FT,['Remote'],216000,USD,216000,US,100,US,M,Remote
2022,SE,FT,['Remote'],144000,USD,144000,US,100,US,M,Remote
2022,EX,FT,['Remote'],159000,USD,159000,US,100,US,M,Remote
2022,EX,FT,['Remote'],130000,USD,130000,US,100,US,M,Remote
2022,SE,FT,['Remote'],115934,USD,115934,US,100,US,M,Remote
2022,SE,FT,['Remote'],81666,USD,81666,US,100,US,M,Remote
2022,SE,FT,['Remote'],215000,USD,215000,US,100,US,M,Remote
2022,SE,FT,['Remote'],150000,USD,150000,US,100,US,M,Remote
2022,SE,FT,['Remote'],246000,USD,246000,US,100,US,M,Remote
2022,SE,FT,['Remote'],201000,USD,201000,US,100,US,M,Remote
2022,MI,FT,['Remote'],187000,USD,187000,US,100,US,M,Remote
2022,MI,FT,['Remote'],153000,USD,153000,US,100,US,M,Remote
2022,SE,FT,['Remote'],255000,USD,255000,MX,100,MX,M,Remote
2022,SE,FT,['Remote'],185000,USD,185000,MX,100,MX,M,Remote
2022,SE,FT,['Remote'],140000,USD,140000,US,100,US,M,Remote
2022,SE,FT,['Remote'],120000,USD,120000,US,100,US,M,Remote
2022,MI,FT,['Remote'],75000,USD,75000,US,100,US,M,Remote
2022,MI,FT,['Remote'],60000,USD,60000,US,100,US,M,Remote
2022,MI,FT,['Remote'],134000,USD,134000,US,100,US,M,Remote
2022,MI,FT,['Remote'],124000,USD,124000,US,100,US,M,Remote
2022,MI,FT,['Remote'],100000,USD,100000,US,100,US,M,Remote
2022,MI,FT,['Remote'],65000,USD,65000,US,100,US,M,Remote
2022,EN,FT,['Remote'],12000,USD,12000,AR,100,AR,L,Remote
2022,SE,FT,['Remote'],220000,USD,220000,US,100,US,M,Remote
2022,SE,FT,['Remote'],146000,USD,146000,US,100,US,M,Remote
2022,SE,FT,['Remote'],190000,USD,190000,US,100,US,M,Remote
2022,SE,FT,['Remote'],135000,USD,135000,US,100,US,M,Remote
2022,SE,FT,['Remote'],173000,USD,173000,US,100,US,M,Remote
2022,SE,FT,['Remote'],110000,USD,110000,US,100,US,M,Remote
2022,SE,FT,['Remote'],115934,USD,115934,US,100,US,M,Remote
2022,SE,FT,['Remote'],81666,USD,81666,US,100,US,M,Remote
2022,SE,FT,['Remote'],190000,USD,190000,US,100,US,L,Remote
2022,SE,FT,['Remote'],194000,USD,194000,US,100,US,M,Remote
2022,SE,FT,['Remote'],129400,USD,129400,US,100,US,M,Remote
2022,SE,FT,['Remote'],201000,USD,201000,US,100,US,M,Remote
2022,SE,FT,['Remote'],89200,USD,89200,US,100,US,M,Remote
2022,SE,FT,['Remote'],230000,USD,230000,US,100,US,M,Remote
2022,SE,FT,['Remote'],196000,USD,196000,US,100,US,M,Remote
2022,MI,FT,['Remote'],150000,USD,150000,US,100,US,M,Remote
2022,MI,FT,['Remote'],100000,USD,100000,US,100,US,M,Remote
2022,MI,FT,['Remote'],130000,USD,130000,US,100,US,M,Remote
2022,MI,FT,['Remote'],100000,USD,100000,US,100,US,M,Remote
2022,SE,FT,['Remote'],216000,USD,216000,US,100,US,M,Remote
2022,SE,FT,['Remote'],144000,USD,144000,US,100,US,M,Remote
2022,SE,FT,['Remote'],192500,USD,192500,US,100,US,M,Remote
2022,SE,FT,['Remote'],140000,USD,140000,US,100,US,M,Remote
2022,SE,FT,['Remote'],65000,USD,65000,US,100,US,M,Remote
2022,SE,FT,['Remote'],55000,USD,55000,US,100,US,M,Remote
2022,MI,FT,['Remote'],60000,EUR,63040,FR,100,FR,M,Remote
2022,MI,FT,['Remote'],50000,EUR,52533,FR,100,FR,M,Remote
2022,SE,FT,['Remote'],170000,USD,170000,US,100,US,M,Remote
2022,SE,FT,['Remote'],125000,USD,125000,US,100,US,M,Remote
2022,SE,FT,['Remote'],197430,USD,197430,US,100,US,M,Remote
2022,SE,FT,['Remote'],134760,USD,134760,US,100,US,M,Remote
2022,MI,FT,['Remote'],120000,USD,120000,US,100,US,M,Remote
2022,SE,FT,['Remote'],220000,USD,220000,US,100,US,M,Remote
2022,SE,FT,['Remote'],162000,USD,162000,US,100,US,M,Remote
2022,SE,FT,['Remote'],149040,USD,149040,US,100,US,M,Remote
2022,SE,FT,['Remote'],113900,USD,113900,US,100,US,M,Remote
2021,SE,FT,['Remote'],115000,USD,115000,US,100,US,S,Remote
2022,SE,FT,['Remote'],171000,USD,171000,US,100,AU,L,Remote
2022,EN,FT,['Remote'],13000,USD,13000,AR,100,AR,S,Remote
2022,EN,FL,['Remote'],50000,USD,50000,BE,100,US,S,Remote
2022,SE,FT,['Remote'],230000,USD,230000,US,100,US,M,Remote
2022,SE,FT,['Remote'],154600,USD,154600,US,100,US,M,Remote
2022,MI,FT,['Remote'],160000,USD,160000,US,100,US,M,Remote
2022,MI,FT,['Remote'],75000,USD,75000,US,100,US,M,Remote
2022,SE,FT,['Remote'],140000,USD,140000,US,100,US,M,Remote
2022,SE,FT,['Remote'],120000,USD,120000,US,100,US,M,Remote
2022,SE,FT,['Remote'],227200,USD,227200,CA,100,CA,M,Remote
2022,SE,FT,['Remote'],168000,USD,168000,CA,100,CA,M,Remote
2022,SE,FT,['Remote'],243000,USD,243000,US,100,US,M,Remote
2022,SE,FT,['Remote'],183000,USD,183000,US,100,US,M,Remote
2022,MI,FT,['Remote'],130000,USD,130000,US,100,US,M,Remote
2022,MI,FT,['Remote'],90000,USD,90000,US,100,US,M,Remote
2022,SE,FT,['Remote'],116000,USD,116000,US,100,US,M,Remote
2022,SE,FT,['Remote'],96000,USD,96000,US,100,US,M,Remote
2022,SE,FT,['Remote'],194000,USD,194000,US,100,US,M,Remote
2022,SE,FT,['Remote'],129400,USD,129400,US,100,US,M,Remote
2022,SE,FT,['Remote'],190000,USD,190000,US,100,US,M,Remote
2022,SE,FT,['Remote'],135000,USD,135000,US,100,US,M,Remote
2022,SE,FT,['Remote'],110000,EUR,115573,FR,100,FR,M,Remote
2022,SE,FT,['Remote'],70000,EUR,73546,FR,100,FR,M,Remote
2022,EN,FT,['Remote'],50000,USD,50000,US,100,CR,S,Remote
2022,MI,FT,['Remote'],80000,USD,80000,US,100,US,L,Remote
2022,SE,FT,['Remote'],205000,USD,205000,US,100,US,M,Remote
2022,SE,FT,['Remote'],150000,USD,150000,US,100,US,M,Remote
2022,SE,FT,['Remote'],175000,USD,175000,US,100,US,M,Remote
2022,SE,FT,['Remote'],145000,USD,145000,US,100,US,M,Remote
2022,SE,FT,['Remote'],235000,USD,235000,US,100,US,M,Remote
2022,SE,FT,['Remote'],175000,USD,175000,US,100,US,M,Remote
2022,MI,FT,['Remote'],160000,USD,160000,US,100,US,M,Remote
2022,MI,FT,['Remote'],90000,USD,90000,US,100,US,M,Remote
2022,MI,FT,['Remote'],70000,GBP,86193,GB,100,GB,M,Remote
2022,MI,FT,['Remote'],40000,GBP,49253,GB,100,GB,M,Remote
2022,EN,FL,['Remote'],100000,USD,100000,IR,100,IR,M,Remote
2022,SE,FT,['Remote'],125000,USD,125000,US,100,US,M,Remote
2022,SE,FT,['Remote'],110000,USD,110000,US,100,US,M,Remote
2022,SE,FT,['Remote'],148000,USD,148000,US,100,US,M,Remote
2022,SE,FT,['Remote'],107000,USD,107000,US,100,US,M,Remote
2022,EX,FT,['Remote'],310000,USD,310000,US,100,US,M,Remote
2022,EX,FT,['Remote'],239000,USD,239000,US,100,US,M,Remote
2022,SE,FT,['Remote'],168000,USD,168000,US,100,US,M,Remote
2022,SE,FT,['Remote'],130000,USD,130000,US,100,US,M,Remote
2022,SE,FT,['Remote'],136000,USD,136000,US,100,US,M,Remote
2022,SE,FT,['Remote'],104000,USD,104000,US,100,US,M,Remote
2022,MI,FT,['Remote'],161000,USD,161000,US,100,US,M,Remote
2022,MI,FT,['Remote'],118000,USD,118000,US,100,US,M,Remote
2022,SE,FT,['Remote'],205000,USD,205000,US,100,US,M,Remote
2022,SE,FT,['Remote'],184000,USD,184000,US,100,US,M,Remote
2022,SE,FT,['Remote'],205000,USD,205000,US,100,US,M,Remote
2022,SE,FT,['Remote'],184000,USD,184000,US,100,US,M,Remote
2022,SE,FT,['Remote'],230000,USD,230000,US,100,US,M,Remote
2022,SE,FT,['Remote'],196000,USD,196000,US,100,US,M,Remote
2022,SE,FT,['Remote'],50000,GBP,61566,GB,100,GB,M,Remote
2022,SE,FT,['Remote'],35000,GBP,43096,GB,100,GB,M,Remote
2022,MI,FT,['Remote'],175000,USD,175000,US,100,US,M,Remote
2022,MI,FT,['Remote'],135000,USD,135000,US,100,US,M,Remote
2022,SE,FT,['Remote'],231250,USD,231250,US,100,US,M,Remote
2022,SE,FT,['Remote'],138750,USD,138750,US,100,US,M,Remote
2022,SE,FT,['Remote'],193750,USD,193750,US,100,US,M,Remote
2022,SE,FT,['Remote'],116250,USD,116250,US,100,US,M,Remote
2022,SE,FT,['Remote'],231250,USD,231250,US,100,US,M,Remote
2022,SE,FT,['Remote'],138750,USD,138750,US,100,US,M,Remote
2022,SE,FT,['Remote'],231250,USD,231250,US,100,US,M,Remote
2022,SE,FT,['Remote'],138750,USD,138750,US,100,US,M,Remote
2022,SE,FT,['Remote'],231250,USD,231250,US,100,US,M,Remote
2022,SE,FT,['Remote'],138750,USD,138750,US,100,US,M,Remote
2022,SE,FT,['Remote'],193750,USD,193750,US,100,US,M,Remote
2022,SE,FT,['Remote'],116250,USD,116250,US,100,US,M,Remote
2022,SE,FT,['Remote'],208000,USD,208000,US,100,US,M,Remote
2022,SE,FT,['Remote'],127000,USD,127000,US,100,US,M,Remote
2022,SE,FT,['Remote'],300000,USD,300000,US,100,US,M,Remote
2022,SE,FT,['Remote'],196000,USD,196000,US,100,US,M,Remote
2022,SE,FT,['Remote'],205000,USD,205000,US,100,US,M,Remote
2022,SE,FT,['Remote'],185000,USD,185000,US,100,US,M,Remote
2022,SE,FT,['Remote'],205000,USD,205000,US,100,US,M,Remote
2022,SE,FT,['Remote'],184000,USD,184000,US,100,US,M,Remote
2022,EN,FT,['Remote'],6600000,HUF,17684,HU,100,HU,M,Remote
2022,SE,FT,['Remote'],350000,USD,350000,US,100,US,M,Remote
2022,SE,FT,['Remote'],135000,USD,135000,US,100,US,M,Remote
2022,SE,FT,['Remote'],115934,USD,115934,US,100,US,M,Remote
2022,SE,FT,['Remote'],81666,USD,81666,US,100,US,M,Remote
2022,EN,PT,['Remote'],12000,USD,12000,MX,100,US,L,Remote
2022,MI,FT,['Remote'],100000,CHF,104697,CH,100,CH,L,Remote
2022,EN,FT,['Remote'],33000,USD,33000,IT,100,DE,S,Remote
2022,EN,FT,['Remote'],33000,EUR,34672,IT,100,DE,S,Remote
2022,SE,FT,['Remote'],175000,USD,175000,US,100,US,M,Remote
2022,SE,FT,['Remote'],150000,USD,150000,US,100,US,M,Remote
2022,SE,FT,['Remote'],135000,USD,135000,US,100,US,M,Remote
2022,SE,FT,['Remote'],100000,USD,100000,US,100,US,M,Remote
2022,SE,FT,['Remote'],177500,USD,177500,US,100,US,M,Remote
2022,SE,FT,['Remote'],134000,USD,134000,US,100,US,M,Remote
2022,SE,FT,['Remote'],192564,USD,192564,US,100,US,M,Remote
2022,SE,FT,['Remote'],144854,USD,144854,US,100,US,M,Remote
2022,SE,FT,['Remote'],179305,USD,179305,US,100,US,M,Remote
2022,SE,FT,['Remote'],142127,USD,142127,US,100,US,M,Remote
2022,SE,FT,['Remote'],315000,USD,315000,US,100,US,M,Remote
2022,SE,FT,['Remote'],225000,USD,225000,US,100,US,M,Remote
2022,SE,FT,['Remote'],243900,USD,243900,US,100,US,M,Remote
2022,SE,FT,['Remote'],156600,USD,156600,US,100,US,M,Remote
2022,SE,FT,['Remote'],182500,USD,182500,US,100,US,M,Remote
2022,SE,FT,['Remote'],128500,USD,128500,US,100,US,M,Remote
2022,MI,FT,['Remote'],160000,USD,160000,US,100,US,M,Remote
2022,MI,FT,['Remote'],90000,USD,90000,US,100,US,M,Remote
2022,EN,FT,['Remote'],77300,USD,77300,US,100,US,M,Remote
2022,EN,FT,['Remote'],45600,USD,45600,US,100,US,M,Remote
2022,SE,FT,['Remote'],127000,USD,127000,US,100,US,M,Remote
2022,SE,FT,['Remote'],110000,USD,110000,US,100,US,M,Remote
2022,SE,FT,['Remote'],210000,USD,210000,US,100,US,M,Remote
2022,SE,FT,['Remote'],136000,USD,136000,US,100,US,M,Remote
2022,SE,FT,['Remote'],12000,EUR,12608,SK,100,SK,S,Remote
2022,SE,FT,['Remote'],170000,USD,170000,US,100,US,M,Remote
2022,SE,FT,['Remote'],140000,USD,140000,US,100,US,M,Remote
2022,MI,FT,['Remote'],120000,USD,120000,US,100,US,M,Remote
2022,MI,FT,['Remote'],100000,USD,100000,US,100,US,M,Remote
2022,MI,FT,['Remote'],85000,USD,85000,US,100,US,M,Remote
2022,MI,FT,['Remote'],78000,USD,78000,US,100,US,M,Remote
2022,SE,FT,['Remote'],161000,USD,161000,US,100,US,M,Remote
2022,SE,FT,['Remote'],110000,USD,110000,US,100,US,M,Remote
2022,SE,FT,['Remote'],136000,USD,136000,US,100,US,M,Remote
2022,SE,FT,['Remote'],104000,USD,104000,US,100,US,M,Remote
2022,EN,FT,['Remote'],50000,GBP,61566,GB,100,GB,M,Remote
2022,EN,FT,['Remote'],40000,GBP,49253,GB,100,GB,M,Remote
2022,MI,FT,['Remote'],150000,USD,150000,US,100,US,M,Remote
2022,MI,FT,['Remote'],100000,USD,100000,US,100,US,M,Remote
2022,EN,FT,['Remote'],64000,USD,64000,US,100,US,L,Remote
2022,SE,FT,['Remote'],187200,USD,187200,CA,100,CA,M,Remote
2022,SE,FT,['Remote'],116100,USD,116100,CA,100,CA,M,Remote
2022,SE,FT,['Remote'],275000,USD,275000,US,100,US,M,Remote
2022,SE,FT,['Remote'],166000,USD,166000,US,100,US,M,Remote
2022,SE,FT,['Remote'],236000,USD,236000,US,100,US,M,Remote
2022,SE,FT,['Remote'],182000,USD,182000,US,100,US,M,Remote
2022,SE,FT,['Remote'],180000,USD,180000,US,100,US,M,Remote
2022,SE,FT,['Remote'],140000,USD,140000,US,100,US,M,Remote
2022,SE,FT,['Remote'],135000,USD,135000,US,100,US,M,Remote
2022,SE,FT,['Remote'],100000,USD,100000,US,100,US,M,Remote
2022,MI,FT,['Remote'],240000,USD,240000,US,100,US,M,Remote
2022,SE,FT,['Remote'],195000,USD,195000,US,100,US,M,Remote
2022,SE,FT,['Remote'],175000,USD,175000,US,100,US,M,Remote
2022,MI,FT,['Remote'],180000,USD,180000,US,100,US,M,Remote
2022,MI,FT,['Remote'],100000,USD,100000,US,100,US,M,Remote
2022,SE,FT,['Remote'],97000,USD,97000,US,100,US,M,Remote
2022,SE,FT,['Remote'],90000,USD,90000,US,100,US,M,Remote
2022,SE,FT,['Remote'],210000,USD,210000,US,100,US,M,Remote
2022,SE,FT,['Remote'],180000,USD,180000,US,100,US,M,Remote
2022,EX,FT,['Remote'],210000,USD,210000,US,100,US,M,Remote
2022,EX,FT,['Remote'],157000,USD,157000,US,100,US,M,Remote
2022,EN,FT,['Remote'],180000,USD,180000,US,100,US,M,Remote
2022,EN,FT,['Remote'],100000,USD,100000,US,100,US,M,Remote
2022,MI,FT,['Remote'],30000,USD,30000,MX,100,MX,L,Remote
2022,MI,FT,['Remote'],78000,USD,78000,BR,100,BR,M,Remote
2022,MI,FT,['Remote'],48000,USD,48000,BR,100,BR,M,Remote
2022,MI,FT,['Remote'],78000,USD,78000,BR,100,BR,M,Remote
2022,MI,FT,['Remote'],42000,USD,42000,BR,100,BR,M,Remote
2022,MI,FT,['Remote'],78000,USD,78000,BR,100,BR,M,Remote
2022,MI,FT,['Remote'],48000,USD,48000,BR,100,BR,M,Remote
2022,SE,FT,['Remote'],175950,USD,175950,US,100,US,M,Remote
2022,SE,FT,['Remote'],130050,USD,130050,US,100,US,M,Remote
2022,SE,FT,['Remote'],236600,USD,236600,US,100,US,M,Remote
2022,SE,FT,['Remote'],89200,USD,89200,US,100,US,M,Remote
2022,MI,FT,['Remote'],84000,USD,84000,BR,100,BR,M,Remote
2022,MI,FT,['Remote'],54000,USD,54000,BR,100,BR,M,Remote
2022,EN,FT,['Remote'],80000,USD,80000,US,100,US,L,Remote
2022,SE,FT,['Remote'],200000,USD,200000,GB,100,GB,S,Remote
2022,EN,FT,['Remote'],96000,CAD,73742,CA,100,CA,L,Remote
2022,SE,FT,['Remote'],8000,USD,8000,IN,100,SG,L,Remote
2022,SE,FT,['Remote'],155000,USD,155000,US,100,US,M,Remote
2022,SE,FT,['Remote'],38000,USD,38000,US,100,US,M,Remote
2022,SE,FT,['Remote'],155000,USD,155000,US,100,US,M,Remote
2022,SE,FT,['Remote'],38000,USD,38000,US,100,US,M,Remote
2022,SE,FT,['Remote'],153600,USD,153600,US,100,US,M,Remote
2022,SE,FT,['Remote'],106800,USD,106800,US,100,US,M,Remote
2022,SE,FT,['Remote'],185000,USD,185000,US,100,US,M,Remote
2022,SE,FT,['Remote'],50000,USD,50000,US,100,US,M,Remote
2022,SE,FT,['Remote'],155000,USD,155000,US,100,US,M,Remote
2022,SE,FT,['Remote'],38000,USD,38000,US,100,US,M,Remote
2022,SE,FT,['Remote'],168000,USD,168000,US,100,US,M,Remote
2022,SE,FT,['Remote'],130000,USD,130000,US,100,US,M,Remote
2022,SE,FT,['Remote'],120000,USD,120000,US,100,US,S,Remote
2022,SE,FT,['Remote'],55000,USD,55000,US,100,US,S,Remote
2022,SE,FT,['Remote'],185000,USD,185000,US,100,US,M,Remote
2022,SE,FT,['Remote'],50000,USD,50000,US,100,US,M,Remote
2022,SE,FT,['Remote'],200000,USD,200000,US,100,US,M,Remote
2022,SE,FT,['Remote'],175000,USD,175000,US,100,US,M,Remote
2022,MI,FT,['Remote'],148500,USD,148500,US,100,US,L,Remote
2022,MI,FT,['Remote'],98200,USD,98200,US,100,US,L,Remote
2022,SE,FT,['Remote'],115000,USD,115000,US,100,US,M,Remote
2022,SE,FT,['Remote'],95000,USD,95000,US,100,US,M,Remote
2022,SE,FT,['Remote'],225000,USD,225000,US,100,US,M,Remote
2022,SE,FT,['Remote'],66000,USD,66000,US,100,US,M,Remote
2022,SE,FT,['Remote'],185000,USD,185000,US,100,US,M,Remote
2022,SE,FT,['Remote'],50000,USD,50000,US,100,US,M,Remote
2022,EN,FT,['Remote'],57000,USD,57000,US,100,US,L,Remote
2022,MI,FT,['Remote'],144200,USD,144200,US,100,US,M,Remote
2022,MI,FT,['Remote'],115360,USD,115360,US,100,US,M,Remote
2022,SE,FT,['Remote'],3000000,INR,38154,IN,100,IN,L,Remote
2022,SE,FT,['Remote'],170000,USD,170000,US,100,US,M,Remote
2022,SE,FT,['Remote'],150000,USD,150000,US,100,US,M,Remote
2022,SE,FT,['Remote'],180000,USD,180000,US,100,US,M,Remote
2022,SE,FT,['Remote'],160000,USD,160000,US,100,US,M,Remote
2022,SE,FT,['Remote'],200000,USD,200000,US,100,US,M,Remote
2022,SE,FT,['Remote'],150000,USD,150000,US,100,US,M,Remote
2022,SE,FT,['Remote'],188700,USD,188700,US,100,US,M,Remote
2022,SE,FT,['Remote'],160395,USD,160395,US,100,US,M,Remote
2022,SE,FT,['Remote'],115934,USD,115934,US,100,US,M,Remote
2022,SE,FT,['Remote'],81666,USD,81666,US,100,US,M,Remote
2022,SE,FT,['Remote'],198440,USD,198440,US,100,US,M,Remote
2022,SE,FT,['Remote'],144000,USD,144000,US,100,US,M,Remote
2022,SE,FT,['Remote'],191475,USD,191475,US,100,US,M,Remote
2022,SE,FT,['Remote'],141525,USD,141525,US,100,US,M,Remote
2022,MI,FT,['Remote'],72000,EUR,75648,DE,100,DE,S,Remote
2022,SE,FT,['Remote'],156868,USD,156868,US,100,US,L,Remote
2022,SE,FT,['Remote'],200000,USD,200000,NG,100,NG,S,Remote
2022,SE,FT,['Remote'],66000,EUR,69344,PT,100,PT,L,Remote
2022,MI,FT,['Remote'],120000,CZK,5132,CZ,100,CZ,M,Remote
2022,SE,CT,['Remote'],90000,USD,90000,US,100,US,M,Remote
2022,SE,FT,['Remote'],200000,USD,200000,US,100,US,M,Remote
2022,SE,FT,['Remote'],180000,USD,180000,US,100,US,M,Remote
2022,MI,FT,['Remote'],108000,USD,108000,US,100,US,M,Remote
2022,MI,FT,['Remote'],85000,USD,85000,US,100,US,M,Remote
2022,SE,FT,['Remote'],210000,USD,210000,US,100,US,M,Remote
2022,SE,FT,['Remote'],180000,USD,180000,US,100,US,M,Remote
2022,SE,FT,['Remote'],165000,USD,165000,US,100,US,M,Remote
2022,SE,FT,['Remote'],132000,USD,132000,US,100,US,M,Remote
2022,SE,FT,['Remote'],130000,USD,130000,US,100,US,M,Remote
2022,SE,FT,['Remote'],110000,USD,110000,US,100,US,M,Remote
2022,MI,FT,['Remote'],135000,USD,135000,US,100,US,L,Remote
2022,SE,FT,['Remote'],178800,USD,178800,US,100,US,L,Remote
2022,SE,FT,['Remote'],132100,USD,132100,US,100,US,L,Remote
2022,SE,FT,['Remote'],160000,USD,160000,US,100,US,M,Remote
2022,SE,FT,['Remote'],85000,USD,85000,US,100,US,M,Remote
2022,SE,FT,['Remote'],250000,USD,250000,US,100,US,M,Remote
2022,SE,FT,['Remote'],63000,USD,63000,US,100,US,M,Remote
2022,EX,FT,['Remote'],187200,USD,187200,US,100,US,M,Remote
2022,EX,FT,['Remote'],116100,USD,116100,US,100,US,M,Remote
2022,SE,FT,['Remote'],200000,USD,200000,US,100,US,M,Remote
2022,SE,FT,['Remote'],145000,USD,145000,US,100,US,M,Remote
2022,EN,FT,['Remote'],50000,USD,50000,US,100,US,M,Remote
2022,SE,FT,['Remote'],183000,USD,183000,US,100,US,L,Remote
2022,SE,FT,['Remote'],99750,USD,99750,US,100,US,M,Remote
2022,SE,FT,['Remote'],68400,USD,68400,US,100,US,M,Remote
2022,SE,FT,['Remote'],236900,USD,236900,US,100,US,L,Remote
2022,SE,FT,['Remote'],159200,USD,159200,US,100,US,L,Remote
2022,SE,FT,['Remote'],243225,USD,243225,US,100,US,M,Remote
2022,SE,FT,['Remote'],179775,USD,179775,US,100,US,M,Remote
2022,SE,FT,['Remote'],175000,USD,175000,US,100,US,M,Remote
2022,SE,FT,['Remote'],150000,USD,150000,US,100,US,M,Remote
2022,SE,FT,['Remote'],210000,USD,210000,US,100,US,M,Remote
2022,SE,FT,['Remote'],180000,USD,180000,US,100,US,M,Remote
2022,SE,FT,['Remote'],148000,USD,148000,US,100,US,M,Remote
2022,SE,FT,['Remote'],128000,USD,128000,US,100,US,M,Remote
2022,SE,FT,['Remote'],190000,USD,190000,US,100,US,M,Remote
2022,SE,FT,['Remote'],135000,USD,135000,US,100,US,M,Remote
2022,SE,FT,['Remote'],130000,USD,130000,US,100,US,M,Remote
2022,SE,FT,['Remote'],110000,USD,110000,US,100,US,M,Remote
2022,SE,FT,['Remote'],191475,USD,191475,US,100,US,M,Remote
2022,SE,FT,['Remote'],141525,USD,141525,US,100,US,M,Remote
2022,SE,FT,['Remote'],160000,USD,160000,US,100,US,M,Remote
2022,SE,FT,['Remote'],85000,USD,85000,US,100,US,M,Remote
2022,SE,FT,['Remote'],195400,USD,195400,US,100,US,L,Remote
2022,SE,FT,['Remote'],131300,USD,131300,US,100,US,L,Remote
2022,EN,FT,['Remote'],105000,USD,105000,CL,100,US,L,Remote
2022,SE,FT,['Remote'],191475,USD,191475,US,100,US,M,Remote
2022,SE,FT,['Remote'],141525,USD,141525,US,100,US,M,Remote
2022,SE,FT,['Remote'],207000,USD,207000,US,100,US,M,Remote
2022,SE,FT,['Remote'],153000,USD,153000,US,100,US,M,Remote
2022,SE,FT,['Remote'],191475,USD,191475,US,100,US,M,Remote
2022,SE,FT,['Remote'],141525,USD,141525,US,100,US,M,Remote
2022,SE,FT,['Remote'],191475,USD,191475,US,100,US,M,Remote
2022,SE,FT,['Remote'],141525,USD,141525,US,100,US,M,Remote
2022,SE,FT,['Remote'],191475,USD,191475,US,100,US,M,Remote
2022,SE,FT,['Remote'],141525,USD,141525,US,100,US,M,Remote
2022,SE,FT,['Remote'],191475,USD,191475,US,100,US,M,Remote
2022,SE,FT,['Remote'],141525,USD,141525,US,100,US,M,Remote
2022,SE,FT,['Remote'],200000,USD,200000,PR,100,PR,M,Remote
2022,SE,FT,['Remote'],135000,USD,135000,PR,100,PR,M,Remote
2022,SE,FT,['Remote'],207000,USD,207000,US,100,US,M,Remote
2022,SE,FT,['Remote'],153000,USD,153000,US,100,US,M,Remote
2022,SE,FT,['Remote'],191475,USD,191475,US,100,US,M,Remote
2022,SE,FT,['Remote'],141525,USD,141525,US,100,US,M,Remote
2022,SE,FT,['Remote'],191475,USD,191475,US,100,US,M,Remote
2022,SE,FT,['Remote'],141525,USD,141525,US,100,US,M,Remote
2022,SE,FT,['Remote'],191475,USD,191475,US,100,US,M,Remote
2022,SE,FT,['Remote'],141525,USD,141525,US,100,US,M,Remote
2022,SE,FT,['Remote'],130000,USD,130000,US,100,US,M,Remote
2022,SE,FT,['Remote'],84000,USD,84000,US,100,US,M,Remote
2022,MI,FT,['Remote'],100000,USD,100000,US,100,US,M,Remote
2022,MI,FT,['Remote'],60000,USD,60000,US,100,US,M,Remote
2022,MI,FT,['Remote'],65000,GBP,80036,GB,100,GB,M,Remote
2022,MI,FT,['Remote'],55000,GBP,67723,GB,100,GB,M,Remote
2022,MI,FT,['Remote'],150000,USD,150000,US,100,US,L,Remote
2022,MI,FT,['Remote'],83000,GBP,102200,GB,100,GB,M,Remote
2022,SE,FT,['Remote'],144000,USD,144000,US,100,US,M,Remote
2022,SE,FT,['Remote'],113000,USD,113000,US,100,US,M,Remote
2022,EN,FT,['Remote'],30000,EUR,31520,PT,100,ES,M,Remote
2022,SE,FT,['Remote'],195400,USD,195400,US,100,US,L,Remote
2022,SE,FT,['Remote'],131300,USD,131300,US,100,US,L,Remote
2022,SE,FT,['Remote'],195400,USD,195400,US,100,US,L,Remote
2022,SE,FT,['Remote'],131300,USD,131300,US,100,US,L,Remote
2022,SE,FT,['Remote'],195400,USD,195400,US,100,US,L,Remote
2022,SE,FT,['Remote'],131300,USD,131300,US,100,US,L,Remote
2022,SE,FT,['Remote'],190000,USD,190000,US,100,US,M,Remote
2022,SE,FT,['Remote'],135000,USD,135000,US,100,US,M,Remote
2022,SE,FT,['Remote'],135000,USD,135000,US,100,US,M,Remote
2022,SE,FT,['Remote'],80000,USD,80000,US,100,US,M,Remote
2022,EN,FT,['Remote'],633000,INR,8050,IN,100,IN,M,Remote
2022,SE,FT,['Remote'],160000,USD,160000,US,100,US,M,Remote
2022,SE,FT,['Remote'],85000,USD,85000,US,100,US,M,Remote
2022,SE,FT,['Remote'],178800,USD,178800,US,100,US,L,Remote
2022,SE,FT,['Remote'],132100,USD,132100,US,100,US,L,Remote
2022,MI,CT,['Remote'],60000,USD,60000,IN,100,US,S,Remote
2022,EN,FT,['Remote'],50000,USD,50000,IN,100,AS,L,Remote
2022,SE,FT,['Remote'],140000,USD,140000,US,100,US,M,Remote
2022,SE,FT,['Remote'],105000,USD,105000,US,100,US,M,Remote
2022,MI,FT,['Remote'],65000,GBP,80036,GB,100,GB,M,Remote
2022,MI,FT,['Remote'],55000,GBP,67723,GB,100,GB,M,Remote
2022,SE,FT,['Remote'],190000,USD,190000,US,100,US,M,Remote
2022,SE,FT,['Remote'],140000,USD,140000,US,100,US,M,Remote
2022,MI,FT,['Remote'],100000,USD,100000,US,100,US,M,Remote
2022,MI,FT,['Remote'],60000,USD,60000,US,100,US,M,Remote
2022,SE,FT,['Remote'],180000,USD,180000,US,100,US,L,Remote
2022,SE,FT,['Remote'],165000,USD,165000,US,100,US,L,Remote
2022,SE,FT,['Remote'],190000,USD,190000,US,100,US,M,Remote
2022,SE,FT,['Remote'],135000,USD,135000,US,100,US,M,Remote
2022,SE,FT,['Remote'],122500,USD,122500,US,100,US,M,Remote
2022,SE,FT,['Remote'],100000,USD,100000,US,100,US,M,Remote
2022,EX,FT,['Remote'],297500,USD,297500,US,100,US,M,Remote
2022,EX,FT,['Remote'],260000,USD,260000,US,100,US,M,Remote
2021,EN,FT,['Remote'],15000,USD,15000,TH,100,TH,L,Remote
2022,SE,FT,['Remote'],193000,USD,193000,ES,100,US,M,Remote
2022,MI,FT,['Remote'],100000,USD,100000,US,100,US,M,Remote
2022,MI,FT,['Remote'],60000,USD,60000,US,100,US,M,Remote
2022,EN,FT,['Remote'],40300,BRL,7799,BR,100,BR,L,Remote
2022,SE,FT,['Remote'],136994,USD,136994,US,100,US,M,Remote
2022,SE,FT,['Remote'],101570,USD,101570,US,100,US,M,Remote
2022,SE,FT,['Remote'],250000,USD,250000,US,100,US,M,Remote
2022,SE,FT,['Remote'],63000,USD,63000,US,100,US,M,Remote
2022,SE,FT,['Remote'],191475,USD,191475,US,100,US,M,Remote
2022,SE,FT,['Remote'],141525,USD,141525,US,100,US,M,Remote
2022,MI,FT,['Remote'],136000,USD,136000,US,100,US,M,Remote
2022,MI,FT,['Remote'],112000,USD,112000,US,100,US,M,Remote
2022,SE,FT,['Remote'],172000,USD,172000,US,100,US,M,Remote
2022,SE,FT,['Remote'],140000,USD,140000,US,100,US,M,Remote
2022,SE,FT,['Remote'],250000,USD,250000,US,100,US,M,Remote
2022,SE,FT,['Remote'],63000,USD,63000,US,100,US,M,Remote
2022,SE,FT,['Remote'],180000,USD,180000,US,100,US,M,Remote
2022,SE,FT,['Remote'],150000,USD,150000,US,100,US,M,Remote
2022,SE,FT,['Remote'],250000,USD,250000,US,100,US,M,Remote
2022,SE,FT,['Remote'],63000,USD,63000,US,100,US,M,Remote
2022,SE,FT,['Remote'],191475,USD,191475,US,100,US,M,Remote
2022,SE,FT,['Remote'],141525,USD,141525,US,100,US,M,Remote
2022,MI,FT,['Remote'],97500,USD,97500,US,100,US,L,Remote
2022,SE,FT,['Remote'],212800,USD,212800,US,100,US,M,Remote
2022,SE,FT,['Remote'],142800,USD,142800,US,100,US,M,Remote
2022,EN,FT,['Remote'],500000,INR,6359,FR,100,IN,L,Remote
2022,SE,FT,['Remote'],165000,USD,165000,US,100,US,M,Remote
2022,SE,FT,['Remote'],140250,USD,140250,US,100,US,M,Remote
2022,SE,FT,['Remote'],179400,USD,179400,US,100,US,M,Remote
2022,SE,FT,['Remote'],154000,USD,154000,US,100,US,M,Remote
2022,SE,FT,['Remote'],191475,USD,191475,US,100,US,M,Remote
2022,SE,FT,['Remote'],141525,USD,141525,US,100,US,M,Remote
2022,SE,FT,['Remote'],191475,USD,191475,US,100,US,M,Remote
2022,SE,FT,['Remote'],141525,USD,141525,US,100,US,M,Remote
2022,SE,FT,['Remote'],191475,USD,191475,US,100,US,M,Remote
2022,SE,FT,['Remote'],141525,USD,141525,US,100,US,M,Remote
2022,MI,FT,['Remote'],80000,EUR,84053,GR,100,GR,M,Remote
2022,MI,FT,['Remote'],70000,EUR,73546,GR,100,GR,M,Remote
2022,MI,FT,['Remote'],80000,GBP,98506,GB,100,GB,M,Remote
2022,MI,FT,['Remote'],70000,GBP,86193,GB,100,GB,M,Remote
2022,MI,FT,['Remote'],80000,EUR,84053,ES,100,ES,M,Remote
2022,MI,FT,['Remote'],70000,EUR,73546,ES,100,ES,M,Remote
2022,SE,FT,['Remote'],191475,USD,191475,US,100,US,M,Remote
2022,SE,FT,['Remote'],141525,USD,141525,US,100,US,M,Remote
2022,SE,FT,['Remote'],191475,USD,191475,US,100,US,M,Remote
2022,SE,FT,['Remote'],141525,USD,141525,US,100,US,M,Remote
2022,SE,FT,['Remote'],83376,GBP,102663,GB,100,GB,M,Remote
2022,SE,FT,['Remote'],65004,GBP,80041,GB,100,GB,M,Remote
2022,SE,FT,['Remote'],191475,USD,191475,US,100,US,M,Remote
2022,SE,FT,['Remote'],141525,USD,141525,US,100,US,M,Remote
2022,SE,FT,['Remote'],84958,GBP,104611,GB,100,GB,M,Remote
2022,SE,FT,['Remote'],66822,GBP,82280,GB,100,GB,M,Remote
2022,SE,FT,['Remote'],191475,USD,191475,US,100,US,M,Remote
2022,SE,FT,['Remote'],141525,USD,141525,US,100,US,M,Remote
2022,SE,FT,['Remote'],81000,USD,81000,US,100,US,M,Remote
2022,SE,FT,['Remote'],66000,USD,66000,US,100,US,M,Remote
2022,EN,FT,['Remote'],46000,USD,46000,US,100,US,L,Remote
2022,EN,FT,['Remote'],80000,USD,80000,US,100,US,L,Remote
2022,EX,FT,['Remote'],200000,USD,200000,US,100,US,S,Remote
2022,EX,FT,['Remote'],180000,USD,180000,US,100,US,S,Remote
2022,EX,FT,['Remote'],200000,USD,200000,US,100,US,S,Remote
2022,SE,FT,['Remote'],191475,USD,191475,US,100,US,M,Remote
2022,SE,FT,['Remote'],141525,USD,141525,US,100,US,M,Remote
2022,SE,FT,['Remote'],191475,USD,191475,US,100,US,M,Remote
2022,SE,FT,['Remote'],141525,USD,141525,US,100,US,M,Remote
2022,SE,FT,['Remote'],191475,USD,191475,US,100,US,M,Remote
2022,SE,FT,['Remote'],141525,USD,141525,US,100,US,M,Remote
2022,SE,FT,['Remote'],95000,USD,95000,US,100,US,M,Remote
2022,SE,FT,['Remote'],70000,USD,70000,US,100,US,M,Remote
2022,MI,FT,['Remote'],75000,USD,75000,BO,100,US,M,Remote
2022,SE,FT,['Remote'],170000,USD,170000,US,100,US,M,Remote
2022,SE,FT,['Remote'],130000,USD,130000,US,100,US,M,Remote
2022,MI,FT,['Remote'],113000,USD,113000,US,100,US,L,Remote
2022,MI,FT,['Remote'],140000,USD,140000,US,100,US,M,Remote
2021,SE,FT,['Remote'],50000,USD,50000,PH,100,PH,S,Remote
2022,MI,FT,['Remote'],77000,AUD,53368,AU,100,AU,M,Remote
2022,SE,FT,['Remote'],146200,USD,146200,US,100,US,M,Remote
2022,SE,FT,['Remote'],124270,USD,124270,US,100,US,M,Remote
2022,MI,FT,['Remote'],52000,EUR,54634,NL,100,NL,S,Remote
2022,SE,FT,['Remote'],185800,USD,185800,CA,100,CA,M,Remote
2022,SE,FT,['Remote'],137400,USD,137400,CA,100,CA,M,Remote
2022,SE,FT,['Remote'],186000,USD,186000,US,100,US,M,Remote
2022,SE,FT,['Remote'],148800,USD,148800,US,100,US,M,Remote
2022,EN,PT,['Remote'],110000,USD,110000,DO,100,FR,M,Remote
2022,SE,FT,['Remote'],186000,USD,186000,US,100,US,M,Remote
2022,SE,FT,['Remote'],148800,USD,148800,US,100,US,M,Remote
2022,EN,FT,['Remote'],32400,BRL,6270,BR,100,BR,L,Remote
2022,MI,FT,['Remote'],158000,USD,158000,US,100,US,M,Remote
2022,MI,FT,['Remote'],134000,USD,134000,US,100,US,M,Remote
2022,SE,FT,['Remote'],170000,USD,170000,US,100,US,M,Remote
2022,SE,FT,['Remote'],120000,USD,120000,US,100,US,M,Remote
2022,EX,FT,['Remote'],200000,USD,200000,US,100,US,M,Remote
2022,EX,FT,['Remote'],150000,USD,150000,US,100,US,M,Remote
2022,SE,FT,['Remote'],135000,USD,135000,US,100,US,M,Remote
2022,SE,FT,['Remote'],85000,USD,85000,US,100,US,M,Remote
2022,SE,FT,['Remote'],135000,USD,135000,US,100,US,M,Remote
2022,SE,FT,['Remote'],85000,USD,85000,US,100,US,M,Remote
2022,SE,FT,['Remote'],206000,USD,206000,US,100,US,M,Remote
2022,SE,FT,['Remote'],175100,USD,175100,US,100,US,M,Remote
2022,SE,FT,['Remote'],149040,USD,149040,US,100,US,M,Remote
2022,SE,FT,['Remote'],113900,USD,113900,US,100,US,M,Remote
2022,SE,FT,['Remote'],154000,USD,154000,US,100,US,M,Remote
2022,SE,FT,['Remote'],126000,USD,126000,US,100,US,M,Remote
2022,SE,FT,['Remote'],200000,USD,200000,US,100,US,L,Remote
2022,SE,FT,['Remote'],150000,USD,150000,US,100,US,L,Remote
2022,SE,FT,['Remote'],170000,USD,170000,US,100,US,M,Remote
2022,SE,FT,['Remote'],135000,USD,135000,US,100,US,M,Remote
2022,SE,FT,['Remote'],117000,USD,117000,US,100,US,M,Remote
2022,SE,FT,['Remote'],99450,USD,99450,US,100,US,M,Remote
2022,SE,FT,['Remote'],200000,USD,200000,PR,100,PR,M,Remote
2022,SE,FT,['Remote'],135000,USD,135000,PR,100,PR,M,Remote
2022,EN,FT,['Remote'],45000,GBP,55410,GB,100,GB,S,Remote
2022,SE,FT,['Remote'],175000,USD,175000,US,100,US,M,Remote
2022,SE,FT,['Remote'],130000,USD,130000,US,100,US,M,Remote
2022,MI,FT,['Remote'],450000,INR,5723,IN,100,IN,S,Remote
2022,MI,FT,['Remote'],48000,EUR,50432,DE,100,DE,S,Remote
2022,EN,FT,['Remote'],50000,USD,50000,AR,100,AR,L,Remote
2022,EN,FT,['Remote'],80000,EUR,84053,BE,100,BE,L,Remote
2022,SE,FT,['Remote'],189500,USD,189500,US,100,US,L,Remote
2022,SE,FT,['Remote'],140100,USD,140100,US,100,US,L,Remote
2022,SE,FT,['Remote'],177600,USD,177600,US,100,US,L,Remote
2022,SE,FT,['Remote'],131300,USD,131300,US,100,US,L,Remote
2022,SE,FT,['Remote'],202900,USD,202900,US,100,US,L,Remote
2022,SE,FT,['Remote'],131300,USD,131300,US,100,US,L,Remote
2022,SE,FT,['Remote'],145000,USD,145000,US,100,US,M,Remote
2022,SE,FT,['Remote'],115000,USD,115000,US,100,US,M,Remote
2022,SE,FT,['Remote'],180000,USD,180000,US,100,US,L,Remote
2022,SE,FT,['Remote'],140000,USD,140000,US,100,US,L,Remote
2022,EN,FT,['Remote'],150000,USD,150000,US,100,US,L,Remote
2021,EN,FT,['Remote'],900000,INR,12171,IN,100,IN,M,Remote
2022,MI,FT,['Remote'],4200000,INR,53416,IN,100,ID,L,Remote
2022,MI,FT,['Remote'],107000,GBP,131752,GB,100,GB,M,Remote
2022,SE,FT,['Remote'],48000,USD,48000,AR,100,US,S,Remote
2022,SE,FT,['Remote'],210000,USD,210000,US,100,US,M,Remote
2022,SE,FT,['Remote'],100000,USD,100000,US,100,US,M,Remote
2022,EN,FT,['Remote'],55000,USD,55000,US,100,US,S,Remote
2022,MI,FT,['Remote'],130000,USD,130000,US,100,US,M,Remote
2022,SE,FT,['Remote'],73400,EUR,77119,FR,100,GB,L,Remote
2022,MI,FL,['Remote'],2400000,INR,30523,IN,100,IN,S,Remote
2022,SE,FT,['Remote'],221300,USD,221300,US,100,US,L,Remote
2022,SE,FT,['Remote'],148700,USD,148700,US,100,US,L,Remote
2022,EN,FT,['Remote'],30000,USD,30000,GB,100,GB,L,Remote
2022,MI,FT,['Remote'],58000,EUR,60938,DE,100,DE,S,Remote
2022,SE,FT,['Remote'],170000,USD,170000,US,100,US,M,Remote
2022,SE,FT,['Remote'],130000,USD,130000,US,100,US,M,Remote
2022,SE,FT,['Remote'],128875,USD,128875,US,100,US,M,Remote
2022,SE,FT,['Remote'],93700,USD,93700,US,100,US,M,Remote
2022,SE,FT,['Remote'],180000,USD,180000,US,100,US,M,Remote
2022,SE,FT,['Remote'],100000,USD,100000,US,100,US,M,Remote
2022,SE,FT,['Remote'],136260,USD,136260,US,100,US,M,Remote
2022,SE,FT,['Remote'],109280,USD,109280,US,100,US,M,Remote
2022,SE,FT,['Remote'],160000,USD,160000,US,100,US,L,Remote
2022,SE,FT,['Remote'],92000,USD,92000,US,100,US,L,Remote
2022,SE,FT,['Remote'],200000,USD,200000,US,100,US,M,Remote
2022,SE,FT,['Remote'],160000,USD,160000,US,100,US,M,Remote
2022,SE,FT,['Remote'],117000,USD,117000,US,100,US,M,Remote
2022,SE,FT,['Remote'],99450,USD,99450,US,100,US,M,Remote
2022,EN,FT,['Remote'],129000,USD,129000,US,100,US,L,Remote
2022,EN,FT,['Remote'],86000,USD,86000,US,100,US,L,Remote
2020,EN,FT,['Remote'],1000000,INR,13493,IN,100,IN,L,Remote
2020,EN,FT,['Remote'],1000000,INR,13493,IN,100,IN,L,Remote
2022,SE,FT,['Remote'],100000,USD,100000,US,100,US,L,Remote
2022,MI,FT,['Remote'],200000,USD,200000,US,100,US,M,Remote
2022,EN,FT,['Remote'],180000,USD,180000,US,100,US,L,Remote
2022,MI,FT,['Remote'],153000,USD,153000,US,100,US,L,Remote
2022,SE,FT,['Remote'],210000,USD,210000,US,100,US,M,Remote
2022,SE,FT,['Remote'],100000,USD,100000,US,100,US,M,Remote
2022,SE,FT,['Remote'],150075,USD,150075,US,100,US,M,Remote
2022,SE,FT,['Remote'],110925,USD,110925,US,100,US,M,Remote
2022,MI,FT,['Remote'],22800,USD,22800,EG,100,EG,M,Remote
2022,SE,FT,['Remote'],160000,USD,160000,US,100,US,L,Remote
2022,SE,FT,['Remote'],92000,USD,92000,US,100,US,L,Remote
2022,SE,FT,['Remote'],202900,USD,202900,US,100,US,L,Remote
2022,SE,FT,['Remote'],131300,USD,131300,US,100,US,L,Remote
2020,EN,FT,['Remote'],20000,EUR,22809,PT,100,PT,M,Remote
2022,SE,FT,['Remote'],175000,USD,175000,US,100,US,M,Remote
2022,SE,FT,['Remote'],135000,USD,135000,US,100,US,M,Remote
2022,SE,FT,['Remote'],193000,AUD,133766,AU,100,AU,L,Remote
2022,MI,FT,['Remote'],75000,GBP,92350,GB,100,GB,M,Remote
2022,MI,FT,['Remote'],55000,GBP,67723,GB,100,GB,M,Remote
2022,SE,FT,['Remote'],300000,USD,300000,US,100,US,M,Remote
2022,SE,FT,['Remote'],200000,USD,200000,US,100,US,M,Remote
2022,MI,FT,['Remote'],200000,USD,200000,IN,100,US,L,Remote
2022,SE,FT,['Remote'],112900,USD,112900,US,100,US,M,Remote
2022,SE,FT,['Remote'],90320,USD,90320,US,100,US,M,Remote
2022,SE,FT,['Remote'],145000,USD,145000,US,100,US,M,Remote
2022,SE,FT,['Remote'],105400,USD,105400,US,100,US,M,Remote
2022,SE,FT,['Remote'],215300,USD,215300,US,100,US,L,Remote
2022,SE,FT,['Remote'],158200,USD,158200,US,100,US,L,Remote
2022,SE,FT,['Remote'],209100,USD,209100,US,100,US,L,Remote
2022,SE,FT,['Remote'],154600,USD,154600,US,100,US,L,Remote
2022,SE,FT,['Remote'],175000,USD,175000,US,100,US,M,Remote
2022,SE,FT,['Remote'],155000,USD,155000,US,100,US,M,Remote
2022,MI,FT,['Remote'],80000,EUR,84053,FR,100,DE,M,Remote
2022,SE,FT,['Remote'],170000,USD,170000,US,100,US,M,Remote
2022,SE,FT,['Remote'],123000,USD,123000,US,100,US,M,Remote
2022,EX,FT,['Remote'],150000,CAD,115222,CA,100,CA,S,Remote
2022,SE,FT,['Remote'],165400,USD,165400,US,100,US,M,Remote
2022,SE,FT,['Remote'],132320,USD,132320,US,100,US,M,Remote
2022,SE,FT,['Remote'],208775,USD,208775,US,100,US,M,Remote
2022,SE,FT,['Remote'],147800,USD,147800,US,100,US,M,Remote
2022,SE,FT,['Remote'],136994,USD,136994,US,100,US,M,Remote
2022,SE,FT,['Remote'],101570,USD,101570,US,100,US,M,Remote
2022,SE,FT,['Remote'],128875,USD,128875,US,100,US,M,Remote
2022,SE,FT,['Remote'],93700,USD,93700,US,100,US,M,Remote
2022,EN,FT,['Remote'],28500,GBP,35093,GB,100,GB,L,Remote
2022,SE,FT,['Remote'],183600,USD,183600,US,100,US,L,Remote
2022,SE,FT,['Remote'],100800,USD,100800,US,100,US,L,Remote
2022,MI,FT,['Remote'],40000,GBP,49253,GB,100,GB,M,Remote
2022,MI,FT,['Remote'],30000,GBP,36940,GB,100,GB,M,Remote
2022,MI,FT,['Remote'],40000,EUR,42026,ES,100,ES,M,Remote
2022,MI,FT,['Remote'],30000,EUR,31520,ES,100,ES,M,Remote
2022,MI,FT,['Remote'],80000,EUR,84053,ES,100,ES,M,Remote
2022,MI,FT,['Remote'],70000,EUR,73546,ES,100,ES,M,Remote
2022,MI,FT,['Remote'],80000,GBP,98506,GB,100,GB,M,Remote
2022,MI,FT,['Remote'],70000,GBP,86193,GB,100,GB,M,Remote
2022,MI,FT,['Remote'],80000,EUR,84053,GR,100,GR,M,Remote
2022,MI,FT,['Remote'],70000,EUR,73546,GR,100,GR,M,Remote
2022,MI,FT,['Remote'],40000,EUR,42026,GR,100,GR,M,Remote
2022,MI,FT,['Remote'],30000,EUR,31520,GR,100,GR,M,Remote
2022,MI,FT,['Remote'],75000,GBP,92350,GB,100,GB,M,Remote
2022,MI,FT,['Remote'],60000,GBP,73880,GB,100,GB,M,Remote
2022,MI,FT,['Remote'],60000,EUR,63040,ES,100,ES,M,Remote
2022,MI,FT,['Remote'],45000,EUR,47280,ES,100,ES,M,Remote
2022,SE,FT,['Remote'],260000,USD,260000,US,100,US,M,Remote
2022,SE,FT,['Remote'],180000,USD,180000,US,100,US,M,Remote
2022,MI,FT,['Remote'],60000,EUR,63040,GR,100,GR,M,Remote
2022,MI,FT,['Remote'],45000,EUR,47280,GR,100,GR,M,Remote
2022,MI,FT,['Remote'],60000,GBP,73880,GB,100,GB,M,Remote
2022,MI,FT,['Remote'],45000,GBP,55410,GB,100,GB,M,Remote
2022,SE,FT,['Remote'],60000,USD,60000,AR,100,MX,L,Remote
2022,MI,FT,['Remote'],160000,USD,160000,US,100,US,L,Remote
2022,MI,FT,['Remote'],112300,USD,112300,US,100,US,L,Remote
2022,MI,FT,['Remote'],241000,USD,241000,US,100,US,M,Remote
2022,MI,FT,['Remote'],159000,USD,159000,US,100,US,M,Remote
2022,EX,FT,['Remote'],242000,USD,242000,US,100,US,M,Remote
2022,EX,FT,['Remote'],200000,USD,200000,US,100,US,M,Remote
2022,SE,FT,['Remote'],165220,USD,165220,US,100,US,M,Remote
2022,SE,FT,['Remote'],120160,USD,120160,US,100,US,M,Remote
2022,SE,FT,['Remote'],124190,USD,124190,US,100,US,M,Remote
2022,SE,FT,['Remote'],90320,USD,90320,US,100,US,M,Remote
2022,SE,FT,['Remote'],155000,USD,155000,US,100,US,M,Remote
2022,SE,FT,['Remote'],120600,USD,120600,US,100,US,M,Remote
2022,MI,FT,['Remote'],170000,USD,170000,US,100,US,M,Remote
2022,MI,FT,['Remote'],150000,USD,150000,US,100,US,M,Remote
2022,SE,FT,['Remote'],102100,USD,102100,US,100,US,M,Remote
2022,SE,FT,['Remote'],84900,USD,84900,US,100,US,M,Remote
2022,SE,FT,['Remote'],136620,USD,136620,US,100,US,M,Remote
2022,SE,FT,['Remote'],99360,USD,99360,US,100,US,M,Remote
2022,SE,FT,['Remote'],146000,USD,146000,US,100,US,M,Remote
2022,SE,FT,['Remote'],123000,USD,123000,US,100,US,M,Remote
2022,EN,FT,['Remote'],40000,GBP,49253,GB,100,GB,M,Remote
2022,EN,FT,['Remote'],35000,GBP,43096,GB,100,GB,M,Remote
2022,EX,FT,['Remote'],130000,USD,130000,US,100,US,M,Remote
2022,EX,FT,['Remote'],110000,USD,110000,US,100,US,M,Remote
2022,SE,FT,['Remote'],170000,USD,170000,US,100,US,M,Remote
2022,SE,FT,['Remote'],135000,USD,135000,US,100,US,M,Remote
2022,SE,FT,['Remote'],161342,USD,161342,US,100,US,M,Remote
2022,SE,FT,['Remote'],137141,USD,137141,US,100,US,M,Remote
2022,SE,FT,['Remote'],167000,USD,167000,US,100,US,M,Remote
2022,SE,FT,['Remote'],123000,USD,123000,US,100,US,M,Remote
2022,SE,FT,['Remote'],211500,USD,211500,US,100,US,M,Remote
2022,SE,FT,['Remote'],138600,USD,138600,US,100,US,M,Remote
2022,SE,FT,['Remote'],192400,USD,192400,CA,100,CA,M,Remote
2022,SE,FT,['Remote'],90700,USD,90700,CA,100,CA,M,Remote
2022,SE,FT,['Remote'],130000,USD,130000,CA,100,CA,M,Remote
2022,SE,FT,['Remote'],61300,USD,61300,CA,100,CA,M,Remote
2022,SE,FT,['Remote'],130000,USD,130000,CA,100,CA,M,Remote
2022,SE,FT,['Remote'],61300,USD,61300,CA,100,CA,M,Remote
2022,MI,FT,['Remote'],167000,USD,167000,US,100,US,M,Remote
2022,MI,FT,['Remote'],115500,USD,115500,US,100,US,M,Remote
2022,SE,FT,['Remote'],112900,USD,112900,US,100,US,M,Remote
2022,SE,FT,['Remote'],90320,USD,90320,US,100,US,M,Remote
2022,SE,FT,['Remote'],112900,USD,112900,US,100,US,M,Remote
2022,SE,FT,['Remote'],90320,USD,90320,US,100,US,M,Remote
2022,SE,FT,['Remote'],165400,USD,165400,US,100,US,M,Remote
2022,SE,FT,['Remote'],132320,USD,132320,US,100,US,M,Remote
2022,SE,FT,['Remote'],243900,USD,243900,US,100,US,M,Remote
2022,SE,FT,['Remote'],156600,USD,156600,US,100,US,M,Remote
2022,SE,FT,['Remote'],136600,USD,136600,US,100,US,M,Remote
2022,SE,FT,['Remote'],109280,USD,109280,US,100,US,M,Remote
2022,SE,FT,['Remote'],128875,USD,128875,US,100,US,M,Remote
2022,SE,FT,['Remote'],93700,USD,93700,US,100,US,M,Remote
2022,EX,FT,['Remote'],224000,USD,224000,US,100,US,M,Remote
2022,EX,FT,['Remote'],167875,USD,167875,US,100,US,M,Remote
2022,EX,FT,['Remote'],175000,USD,175000,US,100,US,M,Remote
2022,EX,FT,['Remote'],135000,USD,135000,US,100,US,M,Remote
2022,SE,FT,['Remote'],209100,USD,209100,US,100,US,L,Remote
2022,SE,FT,['Remote'],154600,USD,154600,US,100,US,L,Remote
2022,SE,FT,['Remote'],180000,USD,180000,US,100,US,M,Remote
2022,SE,FT,['Remote'],160000,USD,160000,US,100,US,M,Remote
2022,SE,FT,['Remote'],176000,USD,176000,US,100,US,M,Remote
2022,SE,FT,['Remote'],144000,USD,144000,US,100,US,M,Remote
2022,SE,FT,['Remote'],200100,USD,200100,US,100,US,M,Remote
2022,SE,FT,['Remote'],160000,USD,160000,US,100,US,M,Remote
2022,SE,FT,['Remote'],175100,USD,175100,US,100,US,M,Remote
2022,SE,FT,['Remote'],140250,USD,140250,US,100,US,M,Remote
2022,SE,FT,['Remote'],116150,USD,116150,US,100,US,M,Remote
2022,SE,FT,['Remote'],99050,USD,99050,US,100,US,M,Remote
2022,SE,FT,['Remote'],145000,USD,145000,US,100,US,M,Remote
2022,SE,FT,['Remote'],130000,USD,130000,US,100,US,M,Remote
2022,SE,FT,['Remote'],112900,USD,112900,US,100,US,M,Remote
2022,SE,FT,['Remote'],90320,USD,90320,US,100,US,M,Remote
2022,SE,FT,['Remote'],214000,USD,214000,US,100,US,M,Remote
2022,SE,FT,['Remote'],192600,USD,192600,US,100,US,M,Remote
2022,SE,FT,['Remote'],266400,USD,266400,US,100,US,M,Remote
2022,SE,FT,['Remote'],213120,USD,213120,US,100,US,M,Remote
2022,SE,FT,['Remote'],155000,USD,155000,US,100,US,M,Remote
2022,SE,FT,['Remote'],115000,USD,115000,US,100,US,M,Remote
2022,SE,FT,['Remote'],115934,USD,115934,US,100,US,M,Remote
2022,SE,FT,['Remote'],81666,USD,81666,US,100,US,M,Remote
2022,SE,FT,['Remote'],130000,USD,130000,US,100,US,M,Remote
2022,SE,FT,['Remote'],110500,USD,110500,US,100,US,M,Remote
2022,SE,FT,['Remote'],80000,USD,80000,US,100,US,M,Remote
2022,SE,FT,['Remote'],60000,USD,60000,US,100,US,M,Remote
2022,SE,FT,['Remote'],192564,USD,192564,US,100,US,M,Remote
2022,SE,FT,['Remote'],144854,USD,144854,US,100,US,M,Remote
2022,SE,FT,['Remote'],230000,USD,230000,US,100,US,M,Remote
2022,SE,FT,['Remote'],150000,USD,150000,US,100,US,M,Remote
2022,SE,FT,['Remote'],150260,USD,150260,US,100,US,M,Remote
2022,SE,FT,['Remote'],109280,USD,109280,US,100,US,M,Remote
2022,SE,FT,['Remote'],170000,USD,170000,US,100,US,M,Remote
2022,SE,FT,['Remote'],150000,USD,150000,US,100,US,M,Remote
2022,MI,FT,['Remote'],160000,USD,160000,US,100,US,M,Remote
2022,MI,FT,['Remote'],130000,USD,130000,US,100,US,M,Remote
2022,SE,FT,['Remote'],154000,USD,154000,US,100,US,M,Remote
2022,SE,FT,['Remote'],126000,USD,126000,US,100,US,M,Remote
2022,SE,FT,['Remote'],210000,USD,210000,US,100,US,M,Remote
2022,SE,FT,['Remote'],140000,USD,140000,US,100,US,M,Remote
2022,SE,FT,['Remote'],210000,USD,210000,US,100,US,M,Remote
2022,SE,FT,['Remote'],140000,USD,140000,US,100,US,M,Remote
2022,SE,FT,['Remote'],210000,USD,210000,US,100,US,M,Remote
2022,SE,FT,['Remote'],140000,USD,140000,US,100,US,M,Remote
2022,SE,FT,['Remote'],100000,USD,100000,US,100,US,M,Remote
2022,SE,FT,['Remote'],69000,USD,69000,US,100,US,M,Remote
2022,SE,FT,['Remote'],210000,USD,210000,US,100,US,M,Remote
2022,SE,FT,['Remote'],140000,USD,140000,US,100,US,M,Remote
2022,SE,FT,['Remote'],150075,USD,150075,US,100,US,M,Remote
2022,SE,FT,['Remote'],110925,USD,110925,US,100,US,M,Remote
2022,SE,FT,['Remote'],100000,USD,100000,US,100,US,M,Remote
2022,SE,FT,['Remote'],25000,USD,25000,US,100,US,M,Remote
2022,SE,FT,['Remote'],126500,USD,126500,US,100,US,M,Remote
2022,SE,FT,['Remote'],106260,USD,106260,US,100,US,M,Remote
2022,SE,FT,['Remote'],220110,USD,220110,US,100,US,M,Remote
2022,SE,FT,['Remote'],160080,USD,160080,US,100,US,M,Remote
2022,SE,FT,['Remote'],105000,USD,105000,US,100,US,M,Remote
2022,SE,FT,['Remote'],100000,USD,100000,US,100,US,M,Remote
2022,SE,FT,['Remote'],170000,USD,170000,US,100,US,M,Remote
2022,SE,FT,['Remote'],135000,USD,135000,US,100,US,M,Remote
2022,SE,FT,['Remote'],230000,USD,230000,US,100,US,M,Remote
2022,SE,FT,['Remote'],140000,USD,140000,US,100,US,M,Remote
2022,MI,FT,['Remote'],135000,USD,135000,US,100,US,M,Remote
2022,MI,FT,['Remote'],50000,USD,50000,US,100,US,M,Remote
2022,SE,FT,['Remote'],220000,USD,220000,US,100,US,M,Remote
2022,SE,FT,['Remote'],140000,USD,140000,US,100,US,M,Remote
2022,SE,FT,['Remote'],220000,USD,220000,US,100,US,M,Remote
2022,SE,FT,['Remote'],120000,USD,120000,US,100,US,M,Remote
2022,MI,FT,['Remote'],200000,USD,200000,US,100,US,M,Remote
2022,MI,FT,['Remote'],120000,USD,120000,US,100,US,M,Remote
2022,SE,FT,['Remote'],120000,USD,120000,AE,100,AE,S,Remote
2022,SE,FT,['Remote'],65000,USD,65000,AE,100,AE,S,Remote
2022,EX,FT,['Remote'],324000,USD,324000,US,100,US,M,Remote
2022,EX,FT,['Remote'],216000,USD,216000,US,100,US,M,Remote
2022,SE,FT,['Remote'],210000,USD,210000,US,100,US,M,Remote
2022,SE,FT,['Remote'],100000,USD,100000,US,100,US,M,Remote
2022,SE,FT,['Remote'],185100,USD,185100,US,100,US,M,Remote
2022,SE,FT,['Remote'],104890,USD,104890,US,100,US,M,Remote
2022,SE,FT,['Remote'],105000,USD,105000,US,100,US,M,Remote
2022,SE,FT,['Remote'],80000,USD,80000,US,100,US,M,Remote
2022,MI,FT,['Remote'],100000,CAD,76814,CA,100,CA,M,Remote
2022,MI,FT,['Remote'],120000,USD,120000,US,100,US,S,Remote
2022,MI,FT,['Remote'],1400000,INR,17805,IN,100,IN,M,Remote
2022,MI,FT,['Remote'],2400000,INR,30523,IN,100,IN,L,Remote
2022,EN,FT,['Remote'],1400000,INR,17805,IN,100,IN,M,Remote
2022,MI,FT,['Remote'],75000,USD,75000,BO,100,US,L,Remote
2022,MI,FT,['Remote'],157000,USD,157000,US,100,US,L,Remote
2022,EN,FT,['Remote'],65000,USD,65000,US,100,US,S,Remote
2022,SE,FT,['Remote'],65000,EUR,68293,IE,100,IE,S,Remote
2022,MI,FT,['Remote'],88000,CAD,67597,CA,100,CA,M,Remote
2022,EN,FT,['Remote'],10000,USD,10000,PT,100,LU,M,Remote
2022,MI,FT,['Remote'],20000,USD,20000,GR,100,GR,S,Remote
2021,SE,FT,['Remote'],87000,EUR,102839,SI,100,SI,L,Remote
2022,SE,FT,['Remote'],200000,USD,200000,MY,100,US,M,Remote
2022,EN,FT,['Remote'],66500,CAD,51081,CA,100,CA,L,Remote
2022,MI,FT,['Remote'],78000,USD,78000,US,100,US,M,Remote
2022,SE,FT,['Remote'],135000,USD,135000,US,100,US,M,Remote
2022,SE,FT,['Remote'],115000,USD,115000,US,100,US,M,Remote
2022,MI,FT,['Remote'],121000,AUD,83864,AU,100,AU,L,Remote
2022,EN,FT,['Remote'],40000,USD,40000,JP,100,MY,L,Remote
2022,MI,FT,['Remote'],30000,EUR,31520,EE,100,EE,S,Remote
2022,SE,FT,['Remote'],57000,EUR,59888,NL,100,NL,L,Remote
2020,EN,FT,['Remote'],48000,EUR,54742,PK,100,DE,L,Remote
2022,SE,FT,['Remote'],165000,USD,165000,US,100,US,M,Remote
2022,SE,FT,['Remote'],100000,USD,100000,BR,100,US,M,Remote
2022,SE,FT,['Remote'],100000,CAD,76814,CA,100,CA,M,Remote
2022,MI,FT,['Remote'],150000,PLN,33609,PL,100,PL,L,Remote
2022,MI,FT,['Remote'],75000,USD,75000,CA,100,CA,S,Remote
2022,EN,CT,['Remote'],29000,EUR,30469,TN,100,CZ,M,Remote
2022,EN,FT,['Remote'],52800,EUR,55475,PK,100,DE,M,Remote
2022,SE,FT,['Remote'],152500,USD,152500,US,100,US,M,Remote
2022,EN,FT,['Remote'],120000,USD,120000,US,100,US,L,Remote
2022,MI,FT,['Remote'],135000,USD,135000,US,100,US,L,Remote
2022,SE,FT,['Remote'],405000,USD,405000,US,100,US,L,Remote
2021,MI,FT,['Remote'],135000,USD,135000,US,100,US,L,Remote
2021,EN,FT,['Remote'],80000,USD,80000,US,100,US,M,Remote
2022,SE,FT,['Remote'],380000,USD,380000,US,100,US,L,Remote
2022,SE,FT,['Remote'],177000,USD,177000,US,100,US,L,Remote
2022,MI,FT,['Remote'],62000,EUR,65141,FR,100,FR,M,Remote
2022,MI,FT,['Remote'],48000,USD,48000,RU,100,US,S,Remote
2022,EN,FT,['Remote'],150000,USD,150000,AU,100,AU,S,Remote
2021,MI,FT,['Remote'],90000,USD,90000,US,100,US,M,Remote
2022,MI,FL,['Remote'],100000,USD,100000,CA,100,US,M,Remote
2022,SE,FT,['Remote'],148000,EUR,155499,DE,100,DE,M,Remote
2021,SE,FT,['Remote'],24000,USD,24000,BR,100,BR,M,Remote
2021,MI,FT,['Remote'],38400,USD,38400,VN,100,US,M,Remote
2021,MI,FT,['Remote'],82500,USD,82500,US,100,US,S,Remote
2022,EN,FT,['Remote'],120000,USD,120000,US,100,US,M,Remote
2021,EN,FT,['Remote'],20000,USD,20000,IN,100,IN,S,Remote
2022,EN,FT,['Remote'],20000,EUR,21013,PT,100,PT,L,Remote
2021,EN,FT,['Remote'],50000,USD,50000,US,100,US,M,Remote
2021,SE,FT,['Remote'],200000,USD,200000,US,100,US,M,Remote
2021,MI,FT,['Remote'],200000,USD,200000,US,100,US,L,Remote
2021,MI,FT,['Remote'],100000,USD,100000,US,100,US,L,Remote
2020,MI,FT,['Remote'],51999,EUR,59303,DE,100,DE,S,Remote
2021,MI,FT,['Remote'],60000,GBP,82528,GB,100,GB,L,Remote
2021,MI,FT,['Remote'],170000,USD,170000,US,100,US,L,Remote
2021,MI,FT,['Remote'],150000,USD,150000,US,100,US,L,Remote
2021,EN,FT,['Remote'],80000,USD,80000,US,100,US,L,Remote
2020,EN,FT,['Remote'],70000,USD,70000,US,100,US,L,Remote
2020,SE,FT,['Remote'],60000,EUR,68428,GR,100,US,L,Remote
2021,EN,FT,['Remote'],125000,USD,125000,US,100,US,S,Remote
2021,SE,FT,['Remote'],120000,USD,120000,US,100,US,M,Remote
2021,SE,FT,['Remote'],144000,USD,144000,US,100,US,L,Remote
2021,EN,FT,['Remote'],13400,USD,13400,UA,100,UA,L,Remote
2021,MI,FT,['Remote'],95000,CAD,75774,CA,100,CA,L,Remote
2021,MI,FT,['Remote'],150000,USD,150000,US,100,US,M,Remote
2020,MI,FT,['Remote'],103000,USD,103000,US,100,US,L,Remote
2021,SE,FT,['Remote'],153000,USD,153000,US,100,US,L,Remote
2021,MI,FT,['Remote'],90000,USD,90000,US,100,US,L,Remote
2021,EN,FT,['Remote'],90000,USD,90000,US,100,US,S,Remote
2021,EN,FT,['Remote'],60000,USD,60000,US,100,US,S,Remote
2021,MI,FT,['Remote'],50000,USD,50000,NG,100,NG,L,Remote
2021,EN,PT,['Remote'],12000,USD,12000,PK,100,US,M,Remote
2021,MI,CT,['Remote'],270000,USD,270000,US,100,US,L,Remote
2021,MI,FT,['Remote'],40000,EUR,47282,ES,100,ES,S,Remote
2021,EX,FT,['Remote'],130000,EUR,153667,IT,100,PL,L,Remote
2021,MI,FT,['Remote'],110000,PLN,28476,PL,100,PL,L,Remote
2021,MI,FT,['Remote'],110000,USD,110000,US,100,US,L,Remote
2021,SE,FT,['Remote'],80000,USD,80000,BG,100,US,S,Remote
2020,EN,FT,['Remote'],10000,USD,10000,NG,100,NG,S,Remote
2020,EN,FT,['Remote'],138000,USD,138000,US,100,US,S,Remote
2021,MI,FT,['Remote'],140000,USD,140000,US,100,US,L,Remote
2021,SE,FT,['Remote'],67000,EUR,79197,DE,100,DE,L,Remote
2021,SE,FT,['Remote'],170000,USD,170000,US,100,US,L,Remote
2021,EN,FT,['Remote'],80000,USD,80000,US,100,US,M,Remote
2020,MI,FT,['Remote'],45760,USD,45760,PH,100,US,S,Remote
2021,MI,FT,['Remote'],100000,USD,100000,US,100,US,M,Remote
2021,EX,FT,['Remote'],235000,USD,235000,US,100,US,L,Remote
2021,EX,FT,['Remote'],150000,USD,150000,IN,100,US,L,Remote
2021,EN,FT,['Remote'],225000,USD,225000,US,100,US,L,Remote
2021,EN,FT,['Remote'],65000,EUR,76833,DE,100,DE,S,Remote
2021,SE,FT,['Remote'],75000,EUR,88654,GR,100,DK,L,Remote
2021,SE,FT,['Remote'],75000,GBP,103160,GB,100,GB,S,Remote
2021,SE,FT,['Remote'],82500,GBP,113476,GB,100,GB,M,Remote
2021,EN,FT,['Remote'],2250000,INR,30428,IN,100,IN,L,Remote
2021,SE,FT,['Remote'],150000,USD,150000,US,100,US,M,Remote
2021,SE,FT,['Remote'],115000,USD,115000,US,100,US,S,Remote
2021,MI,FT,['Remote'],235000,CAD,187442,CA,100,CA,L,Remote
2020,MI,FT,['Remote'],106000,USD,106000,US,100,US,L,Remote
2021,SE,FT,['Remote'],150000,USD,150000,US,100,US,L,Remote
2020,EN,PT,['Remote'],14000,EUR,15966,DE,100,DE,S,Remote
2021,MI,FT,['Remote'],81000,EUR,95746,DE,100,US,S,Remote
2021,EN,FT,['Remote'],70000,USD,70000,US,100,US,M,Remote
2020,MI,FT,['Remote'],60000,GBP,76958,GB,100,GB,S,Remote
2020,SE,FT,['Remote'],188000,USD,188000,US,100,US,L,Remote
2021,SE,FT,['Remote'],160000,USD,160000,BR,100,US,S,Remote
2020,MI,FT,['Remote'],105000,USD,105000,US,100,US,L,Remote
2021,MI,FT,['Remote'],200000,USD,200000,US,100,US,L,Remote
2021,SE,FT,['Remote'],174000,USD,174000,US,100,US,L,Remote
2021,MI,FT,['Remote'],93000,USD,93000,US,100,US,L,Remote
2021,EN,FT,['Remote'],2100000,INR,28399,IN,100,IN,M,Remote
2021,EN,FT,['Remote'],90000,USD,90000,US,100,US,S,Remote
2021,SE,FT,['Remote'],170000,USD,170000,US,100,US,M,Remote
2020,EN,FT,['Remote'],91000,USD,91000,US,100,US,L,Remote
2021,SE,FT,['Remote'],165000,USD,165000,US,100,US,L,Remote
2021,MI,FT,['Remote'],80000,USD,80000,US,100,US,L,Remote
2021,SE,FT,['Remote'],130000,CAD,103691,CA,100,CA,L,Remote
2021,MI,FT,['Remote'],80000,CAD,63810,CA,100,CA,M,Remote
2021,MI,FT,['Remote'],180000,USD,180000,US,100,US,L,Remote
2021,SE,FT,['Remote'],200000,USD,200000,US,100,US,L,Remote
2021,SE,FT,['Remote'],200000,USD,200000,US,100,US,L,Remote
2021,SE,FT,['Remote'],256000,USD,256000,US,100,US,S,Remote
2021,MI,FT,['Remote'],110000,USD,110000,US,100,US,L,Remote
2021,EN,FT,['Remote'],72500,USD,72500,US,100,US,L,Remote
2021,MI,PT,['Remote'],59000,EUR,69741,NL,100,NL,L,Remote
2021,MI,FT,['Remote'],112000,USD,112000,US,100,US,L,Remote
2021,SE,FT,['Remote'],55000,USD,55000,ES,100,ES,L,Remote
2021,EN,FT,['Remote'],100000,USD,100000,US,100,US,M,Remote
2021,EN,FT,['Remote'],85000,USD,85000,NL,100,DE,S,Remote
2021,SE,CT,['Remote'],105000,USD,105000,US,100,US,M,Remote
2020,EN,FT,['Remote'],72000,USD,72000,US,100,US,L,Remote
2021,MI,FT,['Remote'],250000,TRY,28016,TR,100,TR,M,Remote
2021,MI,FT,['Remote'],21600,EUR,25532,RS,100,DE,S,Remote
2021,MI,FT,['Remote'],1250000,INR,16904,IN,100,IN,S,Remote
2020,SE,FT,['Remote'],190000,USD,190000,US,100,US,S,Remote
2021,EN,FT,['Remote'],1200000,INR,16228,IN,100,IN,L,Remote
2021,SE,FT,['Remote'],90000,CAD,71786,CA,100,CA,M,Remote
2021,SE,FT,['Remote'],1799997,INR,24342,IN,100,IN,L,Remote
2021,EN,FT,['Remote'],9272,USD,9272,KE,100,KE,S,Remote
2021,SE,FT,['Remote'],174000,USD,174000,US,100,US,L,Remote
2020,MI,FT,['Remote'],135000,USD,135000,US,100,US,L,Remote
2021,EX,FT,['Remote'],59000,EUR,69741,FR,100,ES,S,Remote
2021,SE,FT,['Remote'],50000,USD,50000,VN,100,GB,M,Remote
2020,MI,FT,['Remote'],87000,USD,87000,US,100,US,L,Remote
2021,MI,FT,['Remote'],420000,INR,5679,IN,100,US,S,Remote
2021,MI,FT,['Remote'],30400000,CLP,40038,CL,100,CL,L,Remote
2021,EN,FT,['Remote'],90000,USD,90000,US,100,US,S,Remote
2021,SE,FT,['Remote'],195000,USD,195000,US,100,US,M,Remote
2021,MI,FT,['Remote'],32000,EUR,37825,ES,100,ES,L,Remote
2020,MI,FT,['Remote'],85000,USD,85000,US,100,US,L,Remote
2021,EX,CT,['Remote'],416000,USD,416000,US,100,US,S,Remote
2021,SE,FT,['Remote'],225000,USD,225000,US,100,CA,L,Remote
2021,MI,FT,['Remote'],180000,PLN,46597,PL,100,PL,L,Remote
2020,EN,FT,['Remote'],4450000,JPY,41689,JP,100,JP,S,Remote
2020,SE,FT,['Remote'],100000,EUR,114047,PL,100,GB,S,Remote
2021,MI,FT,['Remote'],75000,EUR,88654,BE,100,BE,M,Remote
2020,MI,FT,['Remote'],56000,USD,56000,PT,100,US,M,Remote
2020,MI,FT,['Remote'],450000,INR,6072,IN,100,IN,L,Remote
2020,EX,FT,['Remote'],325000,USD,325000,US,100,US,L,Remote
2021,SE,FT,['Remote'],200000,USD,200000,US,100,US,L,Remote
2021,MI,FT,['Remote'],160000,USD,160000,US,100,US,L,Remote
2021,SE,FT,['Remote'],50000,USD,50000,FR,100,US,S,Remote
2021,MI,FT,['Remote'],34000,EUR,40189,GR,100,GR,M,Remote
2021,SE,FT,['Remote'],185000,USD,185000,US,100,US,L,Remote
2020,MI,FT,['Remote'],110000,USD,110000,US,100,US,L,Remote
2021,SE,FT,['Remote'],140000,USD,140000,US,100,US,L,Remote
2021,SE,FT,['Remote'],110000,CAD,87738,CA,100,CA,S,Remote
2021,SE,FT,['Remote'],152000,USD,152000,US,100,FR,L,Remote
2020,SE,FL,['Remote'],60000,USD,60000,RU,100,US,S,Remote
2021,EN,FT,['Remote'],50000,EUR,59102,LU,100,LU,L,Remote
2021,SE,FT,['Remote'],147000,EUR,173762,DE,100,DE,M,Remote
2020,SE,FT,['Remote'],130000,EUR,148261,DE,100,DE,M,Remote
2020,MI,FT,['Remote'],34000,EUR,38776,ES,100,ES,M,Remote
2021,MI,FT,['Remote'],39600,EUR,46809,ES,100,ES,M,Remote
2021,EN,FT,['Remote'],1335000,INR,18053,IN,100,AS,S,Remote
2021,SE,FT,['Remote'],235000,USD,235000,US,100,US,L,Remote
2021,MI,FT,['Remote'],1450000,INR,19609,IN,100,IN,L,Remote
2021,EN,PT,['Remote'],12000,USD,12000,BR,100,US,S,Remote
2021,MI,FT,['Remote'],38400,EUR,45391,NL,100,NL,L,Remote
2020,SE,FT,['Remote'],190200,USD,190200,US,100,US,M,Remote
2020,MI,FT,['Remote'],118000,USD,118000,US,100,US,M,Remote
2020,MI,FT,['Remote'],138350,USD,138350,US,100,US,M,Remote
2020,MI,FT,['Remote'],130800,USD,130800,ES,100,US,M,Remote
2020,SE,FT,['Remote'],40000,EUR,45618,HR,100,HR,S,Remote
2021,MI,FT,['Remote'],160000,SGD,119059,SG,100,IL,M,Remote
2021,SE,FT,['Remote'],165000,USD,165000,US,100,US,L,Remote
2020,SE,FT,['Remote'],412000,USD,412000,US,100,US,L,Remote
2021,MI,FT,['Remote'],151000,USD,151000,US,100,US,L,Remote
2020,EN,FT,['Remote'],105000,USD,105000,US,100,US,S,Remote
2020,EN,CT,['Remote'],100000,USD,100000,US,100,US,L,Remote
